"time","predator"
0,9
0.1,9.27
0.2,9.5451336
0.3,9.82519863255134
0.4,10.1099673890357
0.5,10.3991863098679
0.6,10.6925758585903
0.7,10.9898305951526
0.8,11.2906194619537
0.9,11.5945862940879
1,11.901350562686
1.1,12.2105083573026
1.2,12.5216336100108
1.3,12.8342795602775
1.4,13.1479804558688
1.5,13.4622534810623
1.6,13.7766008994039
1.7,14.0905123942464
1.8,14.4034675864455
1.9,14.7149387049739
2,15.0243933829557
2.1,15.331297548807
2.2,15.6351183799027
2.3,15.9353272845277
2.4,16.2314028768899
2.5,16.5228339096993
2.6,16.8091221292677
2.7,17.089785019266
2.8,17.3643584011361
2.9,17.6323988616687
3,17.8934859813374
3.1,18.1472243405418
3.2,18.3932452848667
3.3,18.6312084346811
3.4,18.860802928791
3.5,19.0817483962828
3.6,19.2937956550637
3.7,19.4967271397908
3.8,19.6903570658203
3.9,19.8745313393873
4,20.0491272274176
4.1,20.2140528030926
4.2,20.3692461855384
4.3,20.5146745937453
4.4,20.6503332360733
4.5,20.7762440574515
4.6,20.8924543666837
4.7,20.9990353661442
4.8,21.0960806056523
4.9,21.1837043814784
5,21.2620401003316
5.1,21.3312386268445
5.2,21.3914666315714
5.3,21.4429049548933
5.4,21.4857470005274
5.5,21.5201971706132
5.6,21.5464693526277
5.7,21.5647854667041
5.8,21.5753740803143
5.9,21.5784690957513
6,21.5743085144297
6.1,21.5631332807164
6.2,21.5451862068272
6.3,21.5207109792713
6.4,21.4899512464053
6.5,21.4531497858558
6.6,21.410547749897
6.7,21.3623839863049
6.8,21.3088944317551
6.9,21.2503115744737
7,21.1868639825835
7.1,21.1187758944013
7.2,21.0462668668229
7.3,20.9695514778817
7.4,20.8888390795617
7.5,20.8043335969923
7.6,20.7162333702321
7.7,20.6247310349618
7.8,20.5300134385424
7.9,20.4322615880496
8,20.3316506270643
8.1,20.2283498381788
8.2,20.1225226683593
8.3,20.0143267744941
8.4,19.903914086643
8.5,19.7914308866849
8.6,19.6770179002425
8.7,19.5608103999355
8.8,19.4429383181811
8.9,19.3235263679184
9,19.2026941697872
9.1,19.0805563844317
9.2,18.9572228487335
9.3,18.8327987149049
9.4,18.7073845914876
9.5,18.5810766854112
9.6,18.4539669443623
9.7,18.3261431988108
9.8,18.1976893031181
9.9,18.0686852752326
10,17.9392074345443
10.1,17.8093285375351
10.2,17.6791179109168
10.3,17.5486415820006
10.4,17.4179624060885
10.5,17.2871401907165
10.6,17.1562318166175
10.7,17.0252913553038
10.8,16.8943701831984
10.9,16.7635170922688
11,16.6327783971399
11.1,16.502198038682
11.2,16.3718176840868
11.3,16.2416768234581
11.4,16.1118128629581
11.5,15.9822612145584
11.6,15.8530553824563
11.7,15.724227046222
11.8,15.5958061407509
11.9,15.4678209330971
12,15.3402980962714
12.1,15.2132627800873
12.2,15.0867386791419
12.3,14.9607480980203
12.4,14.8353120138118
12.5,14.7104501360269
12.6,14.5861809640047
12.7,14.4625218418987
12.8,14.3394890113279
12.9,14.2170976617798
13,14.0953619788493
13.1,13.9742951903972
13.2,13.8539096107084
13.3,13.7342166827294
13.4,13.6152270184617
13.5,13.4969504375857
13.6,13.3793960043885
13.7,13.2625720630644
13.8,13.1464862714571
13.9,13.0311456333092
14,12.9165565290815
14.1,12.8027247454044
14.2,12.6896555032191
14.3,12.5773534846659
14.4,12.4658228587745
14.5,12.3550673060069
14.6,12.2450900417051
14.7,12.1358938384912
14.8,12.0274810476655
14.9,11.9198536196472
15,11.813013123502
15.1,11.7069607655936
15.2,11.6016974074022
15.3,11.4972235825442
15.4,11.3935395130306
15.5,11.2906451247972
15.6,11.1885400625399
15.7,11.0872237038865
15.8,10.9866951729334
15.9,10.8869533531776
16,10.78799689987
16.1,10.6898242518165
16.2,10.5924336426511
16.3,10.4958231116065
16.4,10.3999905138016
16.5,10.3049335300715
16.6,10.210649676357
16.7,10.1171363126762
16.8,10.0243906516948
16.9,9.93240976691437
17,9.84119060049538
17.1,9.75072997073108
17.2,9.66102457918811
17.3,9.57207101752859
17.4,9.48386577402797
17.5,9.3964052398021
17.6,9.3096857147565
17.7,9.2237034132702
17.8,9.13845446962581
17.9,9.05393494319726
18,8.97014082340565
18.1,8.88706803445371
18.2,8.80471243984849
18.3,8.72306984672164
18.4,8.64213600995614
18.5,8.56190663612804
18.6,8.48237738727125
18.7,8.40354388447317
18.8,8.32540171130851
18.9,8.24794641711835
19,8.17117352014124
19.1,8.09507851050263
19.2,8.01965685306899
19.3,7.94490399017224
19.4,7.87081534421026
19.5,7.79738632012878
19.6,7.7246123077898
19.7,7.65248868423125
19.8,7.58101081582287
19.9,7.51017406032246
20,7.43997376883693
20.1,7.3704052876922
20.2,7.30146396021578
20.3,7.23314512843583
20.4,7.16544413470023
20.5,7.09835632321899
20.6,7.03187704153338
20.7,6.96600164191478
20.8,6.90072548269627
20.9,6.83604392953983
21,6.77195235664179
21.1,6.70844614787922
21.2,6.64552069789971
21.3,6.58317141315688
21.4,6.52139371289402
21.5,6.46018303007794
21.6,6.39953481228507
21.7,6.33944452254202
21.8,6.27990764012231
21.9,6.22091966130112
22,6.16247610006999
22.1,6.10457248881296
22.2,6.04720437894577
22.3,5.99036734151987
22.4,5.93405696779245
22.5,5.87826886976403
22.6,5.82299868068503
22.7,5.76824205553248
22.8,5.7139946714582
22.9,5.66025222820967
23,5.60701044852458
23.1,5.5542650785004
23.2,5.50201188793982
23.3,5.45024667067308
23.4,5.39896524485833
23.5,5.34816345326074
23.6,5.29783716351136
23.7,5.24798226834653
23.8,5.19859468582877
23.9,5.14967035954976
24,5.10120525881625
24.1,5.05319537881971
24.2,5.00563674079024
24.3,4.95852539213554
24.4,4.91185740656547
24.5,4.86562888420297
24.6,4.81983595168169
24.7,4.77447476223116
24.8,4.72954149574987
24.9,4.68503235886675
25,4.64094358499173
25.1,4.59727143435571
25.2,4.55401219404037
25.3,4.51116217799848
25.4,4.46871772706483
25.5,4.42667520895843
25.6,4.38503101827629
25.7,4.34378157647911
25.8,4.30292333186929
25.9,4.26245275956163
26,4.22236636144697
26.1,4.18266066614918
26.2,4.14333222897576
26.3,4.10437763186235
26.4,4.06579348331143
26.5,4.02757641832551
26.6,3.98972309833501
26.7,3.9522302111212
26.8,3.91509447073428
26.9,3.87831261740696
27,3.84188141746375
27.1,3.80579766322607
27.2,3.77005817291356
27.3,3.73465979054156
27.4,3.69959938581526
27.5,3.66487385402032
27.6,3.63048011591052
27.7,3.59641511759232
27.8,3.56267583040662
27.9,3.5292592508079
28,3.49616240024081
28.1,3.46338232501437
28.2,3.43091609617404
28.3,3.39876080937153
28.4,3.36691358473285
28.5,3.33537156672429
28.6,3.30413192401685
28.7,3.273191849349
28.8,3.24254855938785
28.9,3.2121992945891
29,3.18214131905549
29.1,3.15237192039419
29.2,3.12288840957305
29.3,3.09368812077575
29.4,3.06476841125614
29.5,3.03612666119164
29.6,3.00776027353587
29.7,2.97966667387063
29.8,2.95184331025721
29.9,2.92428765308717
30,2.89699719493262
30.1,2.86996945039605
30.2,2.84320195595989
30.3,2.81669226983561
30.4,2.79043797181277
30.5,2.76443666310768
30.6,2.73868596621205
30.7,2.71318352474155
30.8,2.68792700328421
30.9,2.66291408724898
31,2.63814248271424
31.1,2.6136099162764
31.2,2.5893141348987
31.3,2.56525290576008
31.4,2.54142401610437
31.5,2.51782527308964
31.6,2.49445450363783
31.7,2.47130955428474
31.8,2.4483882910303
31.9,2.42568859918928
32,2.40320838324231
32.1,2.38094556668739
32.2,2.35889809189184
32.3,2.33706391994468
32.4,2.31544103050959
32.5,2.29402742167831
32.6,2.27282110982462
32.7,2.25182012945892
32.8,2.23102253308327
32.9,2.2104263910472
33,2.19002979140396
33.1,2.16983083976759
33.2,2.14982765917044
33.3,2.13001838992155
33.4,2.11040118946554
33.5,2.09097423224231
33.6,2.07173570954741
33.7,2.05268382939308
33.8,2.0338168163701
33.9,2.0151329115103
34,1.9966303721499
34.1,1.97830747179352
34.2,1.96016249997902
34.3,1.94219376214309
34.4,1.92439957948764
34.5,1.90677828884697
34.6,1.88932824255571
34.7,1.87204780831762
34.8,1.85493536907514
34.9,1.8379893228798
35,1.82120808276343
35.1,1.80459007661018
35.2,1.78813374702939
35.3,1.77183755122928
35.4,1.75569996089148
35.5,1.73971946204639
35.6,1.72389455494938
35.7,1.70822375395785
35.8,1.69270558740909
35.9,1.67733859749906
36,1.66212134016194
36.1,1.64705238495057
36.2,1.63213031491775
36.3,1.61735372649835
36.4,1.60272122939228
36.5,1.58823144644835
36.6,1.57388301354897
36.7,1.55967457949562
36.8,1.54560480589527
36.9,1.53167236704764
37,1.51787594983321
37.1,1.5042142536022
37.2,1.49068599006432
37.3,1.4772898831794
37.4,1.46402466904881
37.5,1.45088909580779
37.6,1.4378819235186
37.7,1.42500192406443
37.8,1.4122478810443
37.9,1.39961858966859
38,1.38711285665562
38.1,1.37472950012886
38.2,1.3624673495151
38.3,1.35032524544336
38.4,1.33830203964468
38.5,1.3263965948527
38.6,1.31460778470501
38.7,1.30293449364538
38.8,1.29137561682678
38.9,1.27993006001516
39,1.26859673949406
39.1,1.25737458197005
39.2,1.2462625244789
39.3,1.23525951429256
39.4,1.22436450882697
39.5,1.21357647555058
39.6,1.20289439189372
39.7,1.19231724515865
39.8,1.18184403243053
39.9,1.17147376048899
40,1.16120544572056
40.1,1.15103811403185
40.2,1.14097080076349
40.3,1.13100255060477
40.4,1.12113241750909
40.5,1.11135946461009
40.6,1.10168276413862
40.7,1.09210139734032
40.8,1.08261445439403
40.9,1.07322103433084
41,1.06392024495398
41.1,1.05471120275932
41.2,1.04559303285661
41.3,1.03656486889149
41.4,1.02762585296811
41.5,1.01877513557255
41.6,1.01001187549686
41.7,1.00133523976386
41.8,0.992744403552553
41.9,0.984238550124288
42,0.975816870749587
42.1,0.967478564635641
42.2,0.959222838854481
42.3,0.951048908271821
42.4,0.942955995476569
42.5,0.934943330710995
42.6,0.927010151801554
42.7,0.91915570409037
42.8,0.911379240367361
42.9,0.903680020803015
43,0.896057312881801
43.1,0.888510391336222
43.2,0.881038538081502
43.3,0.873641042150895
43.4,0.866317199631628
43.5,0.859066313601461
43.6,0.851887694065866
43.7,0.844780657895819
43.8,0.837744528766204
43.9,0.830778637094818
44,0.82388231998199
44.1,0.817054921150786
44.2,0.810295790887821
44.3,0.80360428598465
44.4,0.796979769679763
44.5,0.790421611601151
44.6,0.783929187709462
44.7,0.777501880241727
44.8,0.771139077655673
44.9,0.764840174574591
45,0.758604571732784
45.1,0.752431675921577
45.2,0.746320899935882
45.3,0.74027166252133
45.4,0.73428338832195
45.5,0.728355507828405
45.6,0.722487457326778
45.7,0.716678678847893
45.8,0.710928620117195
45.9,0.705236734505155
46,0.699602480978223
46.1,0.694025324050307
46.2,0.688504733734788
46.3,0.683040185497063
46.4,0.677631160207614
46.5,0.672277144095599
46.6,0.666977628702968
46.7,0.66173211083909
46.8,0.656540092535906
46.9,0.651401081003585
47,0.646314588586703
47.1,0.641280132720919
47.2,0.63629723589017
47.3,0.63136542558436
47.4,0.626484234257559
47.5,0.621653199286704
47.6,0.61687186293079
47.7,0.612139772290567
47.8,0.607456479268733
47.9,0.602821540530611
48,0.598234517465329
48.1,0.593694976147483
48.2,0.589202487299295
48.3,0.584756626253254
48.4,0.580356972915247
48.5,0.576003111728171
48.6,0.571694631636035
48.7,0.567431126048536
48.8,0.563212192806132
48.9,0.559037434145576
49,0.55490645666595
49.1,0.550818871295165
49.2,0.546774293256945
49.3,0.542772342038293
49.4,0.538812641357426
49.5,0.5348948191322
49.6,0.531018507448998
49.7,0.527183342532112
49.8,0.523388964713584
49.9,0.519635018403545
50,0.515921152061012
50.1,0.512247018165175
50.2,0.508612273187163
50.3,0.505016577562282
50.4,0.501459595662735
50.5,0.49794099577083
50.6,0.494460450052657
50.7,0.491017634532258
50.8,0.487612229066276
50.9,0.484243917319086
51,0.480912386738424
51.1,0.477617328531489
51.2,0.474358437641546
51.3,0.471135412725016
51.4,0.467947956129064
51.5,0.464795773869674
51.6,0.461678575610233
51.7,0.458596074640614
51.8,0.455547987856753
51.9,0.452534035740746
52,0.449553942341448
52.1,0.446607435255587
52.2,0.443694245609394
52.3,0.440814108040753
52.4,0.437966760681875
52.5,0.435151945142503
52.6,0.432369406493643
52.7,0.429618893251838
52.8,0.42690015736398
52.9,0.424212954192669
53,0.421557042502126
53.1,0.418932184444658
53.2,0.416338145547691
53.3,0.413774694701372
53.4,0.411241604146735
53.5,0.408738649464469
53.6,0.406265609564251
53.7,0.403822266674693
53.8,0.401408406333879
53.9,0.39902381738052
54,0.396668291945724
54.1,0.394341625445391
54.2,0.392043616573249
54.3,0.389774067294527
54.4,0.387532782840285
54.5,0.385319571702412
54.6,0.383134245629288
54.7,0.380976619622138
54.8,0.378846511932076
54.9,0.376743744057859
55,0.374668140744356
55.1,0.372619529981752
55.2,0.370597743005487
55.3,0.368602614296961
55.4,0.366633981585001
55.5,0.364691685848116
55.6,0.362775571317553
55.7,0.360885485481162
55.8,0.359021279088092
55.9,0.35718280615434
56,0.355369923969155
56.1,0.353582493102327
56.2,0.351820377412376
56.3,0.35008344405566
56.4,0.34837156349642
56.5,0.346684609517779
56.6,0.345022459233734
56.7,0.343384993102132
56.8,0.341772094938685
56.9,0.340183651932026
57,0.338619554659838
57.1,0.33707969710608
57.2,0.335563976679338
57.3,0.334072294232328
57.4,0.332604554082574
57.5,0.331160664034297
57.6,0.329740535401541
57.7,0.32834408303257
57.8,0.326971225335562
57.9,0.325621884305647
58,0.324295985553305
58.1,0.322993458334177
58.2,0.321714235580319
58.3,0.320458253932934
58.4,0.319225453776629
58.5,0.318015779275238
58.6,0.316829178409248
58.7,0.315665603014879
58.8,0.314525008824857
58.9,0.313407355510941
59,0.312312606728239
59.1,0.311240730161371
59.2,0.310191697572538
59.3,0.309165484851537
59.4,0.308162072067797
59.5,0.307181443524487
59.6,0.306223587814755
59.7,0.305288497880162
59.8,0.304376171071392
59.9,0.303486609211286
60,0.302619818660281
60.1,0.301775810384333
60.2,0.300954600025391
60.3,0.300156207974508
60.4,0.299380659447674
60.5,0.298627984564442
60.6,0.297898218429461
60.7,0.297191401216982
60.8,0.296507578258452
60.9,0.295846800133289
61,0.295209122762932
61.1,0.294594607508297
61.2,0.29400332127072
61.3,0.293435336596531
61.4,0.292890731785358
61.5,0.292369591002295
61.6,0.291872004394068
61.7,0.291398068209318
61.8,0.290947884923162
61.9,0.290521563366156
62,0.290119218857827
62.1,0.289740973344918
62.2,0.289386955544527
62.3,0.289057301092281
62.4,0.288752152695752
62.5,0.288471660293276
62.6,0.288215981218377
62.7,0.287985280369983
62.8,0.287779730388654
62.9,0.287599511839023
63,0.287444813398682
63.1,0.287315832053734
63.2,0.287212773301261
63.3,0.287135851358962
63.4,0.2870852893822
63.5,0.287061319688762
63.6,0.287064183991583
63.7,0.287094133639749
63.8,0.28715142986808
63.9,0.287236344055599
64,0.287349157993244
64.1,0.287490164161143
64.2,0.287659666015826
64.3,0.287857978287752
64.4,0.288085427289523
64.5,0.288342351235219
64.6,0.288629100571252
64.7,0.288946038319199
64.8,0.289293540431069
64.9,0.289671996157476
65,0.290081808429237
65.1,0.290523394252896
65.2,0.290997185120737
65.3,0.291503627435837
65.4,0.292043182952768
65.5,0.292616329234548
65.6,0.293223560126503
65.7,0.293865386247694
65.8,0.294542335500631
65.9,0.295254953599985
66,0.296003804621084
66.1,0.296789471568967
66.2,0.29761255696885
66.3,0.298473683478868
66.4,0.299373494525987
66.5,0.300312654966059
66.6,0.301291851768989
66.7,0.302311794730064
66.8,0.303373217208514
66.9,0.304476876894447
67,0.305623556605322
67.1,0.306814065113218
67.2,0.308049238004159
67.3,0.309329938570875
67.4,0.31065705874038
67.5,0.312031520037859
67.6,0.313454274588405
67.7,0.314926306158201
67.8,0.316448631236861
67.9,0.318022300162661
68,0.319648398292536
68.1,0.32132804721875
68.2,0.323062406034272
68.3,0.324852672648968
68.4,0.326700085158819
68.5,0.328605923270489
68.6,0.330571509783651
68.7,0.332598212133632
68.8,0.334687443997008
68.9,0.336840666962951
69,0.339059392273237
69.1,0.341345182633956
69.2,0.343699654102133
69.3,0.346124478050599
69.4,0.348621383214623
69.5,0.351192157823974
69.6,0.353838651824267
69.7,0.356562779191619
69.8,0.359366520344849
69.9,0.362251924659639
70,0.365221113089306
70.1,0.368276280897039
70.2,0.371419700504708
70.3,0.374653724463578
70.4,0.377980788552532
70.5,0.381403415009668
70.6,0.384924215903429
70.7,0.388545896649712
70.8,0.39227125968171
70.9,0.396103208279589
71,0.400044750567415
71.1,0.404099003685131
71.2,0.408269198143737
71.3,0.412558682372247
71.4,0.416970927465381
71.5,0.421509532141407
71.6,0.426178227919981
71.7,0.430980884530335
71.8,0.435921515560618
71.9,0.441004284359766
72,0.446233510203767
72.1,0.451613674738812
72.2,0.457149428714356
72.3,0.462845599019797
72.4,0.468707196039077
72.5,0.474739421338215
72.6,0.480947675701486
72.7,0.487337567532693
72.8,0.493914921638727
72.9,0.500685788413463
73,0.507656453440805
73.1,0.51483344753661
73.2,0.522223557250097
73.3,0.529833835846278
73.4,0.53767161479193
73.5,0.545744515768609
73.6,0.554060463237265
73.7,0.562627697580067
73.8,0.571454788846163
73.9,0.580550651129233
74,0.589924557605863
74.1,0.599586156264963
74.2,0.609545486359681
74.3,0.619812995614518
74.4,0.630399558221621
74.5,0.641316493661526
74.6,0.652575586384936
74.7,0.664189106393423
74.8,0.676169830758286
74.9,0.688531066118087
75,0.701286672196708
75.1,0.714451086385058
75.2,0.728039349430787
75.3,0.742067132281585
75.4,0.756550764128773
75.5,0.771507261698967
75.6,0.786954359842551
75.7,0.802910543468547
75.8,0.819395080876183
75.9,0.83642805853399
76,0.854030417357579
76.1,0.87222399053738
76.2,0.891031542967423
76.3,0.910476812325755
76.4,0.930584551856227
76.5,0.95138057490011
76.6,0.972891801224236
76.7,0.995146305190042
76.8,1.01817336580498
76.9,1.04200351869413
77,1.0666686100254
77.1,1.09220185241644
77.2,1.11863788284499
77.3,1.14601282257704
77.4,1.17436433911853
77.5,1.20373171018597
77.6,1.23415588968017
77.7,1.26567957563353
77.8,1.29834728008632
77.9,1.33220540082997
78,1.36730229493569
78.1,1.40368835396473
78.2,1.44141608073135
78.3,1.48054016746172
78.4,1.52111757516073
78.5,1.56320761396344
78.6,1.60687202420937
78.7,1.65217505793455
78.8,1.69918356042868
78.9,1.74796705145223
79,1.79859780565055
79.1,1.85115093163863
79.2,1.90570444916118
79.3,1.96233936365701
79.4,2.02113973747487
79.5,2.08219275689902
79.6,2.14558879404744
79.7,2.211421462602
79.8,2.27978766622046
79.9,2.35078763836196
80,2.42452497213365
80.1,2.5011066386339
80.2,2.58064299212986
80.3,2.66324776026275
80.4,2.74903801732518
80.5,2.83813413850145
80.6,2.930659732806
80.7,3.02674155229801
80.8,3.12650937499484
80.9,3.23009585875456
81,3.33763636325271
81.1,3.44926873704347
81.2,3.56513306657414
81.3,3.68537138392069
81.4,3.81012732993421
81.5,3.93954576944106
81.6,4.07377235512924
81.7,4.21295303678738
81.8,4.3572335126485
81.9,4.50675861973709
82,4.6616716603337
82.1,4.8221136619651
82.2,4.98822256871048
82.3,5.16013236209286
82.4,5.33797211041056
82.5,5.52186494606308
82.6,5.71192697124732
82.7,5.90826609334889
82.8,6.11098079243343
82.9,6.32015882445544
83,6.53587586514502
83.1,6.7581941010012
83.2,6.98716077540297
83.3,7.22280669953202
83.4,7.46514473956321
83.5,7.71416829339379
83.6,7.96984977201777
83.7,8.23213910246865
83.8,8.5009622710061
83.9,8.7762199268598
84,9.05778606830898
84.1,9.34550683410969
84.2,9.63919942421917
84.3,9.93865117434461
84.4,10.2436188089978
84.5,10.5538278974109
84.6,10.8689725358051
84.7,11.1887152780683
84.8,11.5126873348468
84.9,11.8404890583943
85,12.1716907272303
85.1,12.5058336407839
85.2,12.8424315297738
85.3,13.1809722831701
85.4,13.5209199872981
85.5,13.8617172670821
85.6,14.2027879137323
85.7,14.5435397774808
85.8,14.8833678984547
85.9,15.2216578435715
86,15.5577892126378
86.1,15.8911392727679
86.2,16.2210866769524
86.3,16.5470152202222
86.4,16.8683175854527
86.5,17.1843990304989
86.6,17.49468096907
86.7,17.798604399524
86.8,18.0956331385488
86.9,18.3852568204073
87,18.6669936269523
87.1,18.9403927188199
87.2,19.2050363439376
87.3,19.4605416055519
87.4,19.7065618782318
87.5,19.9427878665456
87.6,20.1689483071912
87.7,20.3848103211164
87.8,20.5901794274776
87.9,20.7848992360352
88,20.9688508386886
88.1,21.1419519242606
88.2,21.3041556433148
88.3,21.4554492517266
88.4,21.5958525629439
88.5,21.7254162394078
88.6,21.8442199535052
88.7,21.9523704477629
88.8,22.0499995228429
88.9,22.1372619803321
89,22.2143335454332
89.1,22.2814087925215
89.2,22.3386990942241
89.3,22.3864306122672
89.4,22.4248423458934
89.5,22.454184251226
89.6,22.4747154426022
89.7,22.4867024846518
89.8,22.490417781786
89.9,22.4861380698193
90,22.4741430126706
90.1,22.4547139055132
90.2,22.4281324843393
90.3,22.3946798407024
90.4,22.3546354393704
90.5,22.3082762357674
90.6,22.2558758893915
90.7,22.1977040688481
90.8,22.1340258437333
90.9,22.0651011583115
91,21.9911843817525
91.1,21.9125239296043
91.2,21.829361951172
91.3,21.74193407753
91.4,21.6504692250141
91.5,21.5551894491939
91.6,21.4563098445283
91.7,21.3540384851233
91.8,21.2485764022566
91.9,21.1401175945861
92,21.0288490672217
92.1,20.9149508961034
92.2,20.7985963143927
92.3,20.67995181784
92.4,20.5591772863453
92.5,20.4364261191671
92.6,20.3118453814696
92.7,20.1855759601147
92.8,20.0577527268142
92.9,19.9285047069507
93,19.7979552525579
93.1,19.6662222181175
93.2,19.533418137987
93.3,19.3996504044163
93.4,19.2650214452384
93.5,19.129628900445
93.6,18.9935657969617
93.7,18.8569207210389
93.8,18.7197779877631
93.9,18.5822178072745
94,18.4443164473456
94.1,18.3061463920449
94.2,18.1677764962617
94.3,18.0292721359235
94.4,17.8906953537791
94.5,17.7521050006605
94.6,17.6135568721731
94.7,17.4751038407922
94.8,17.3367959833686
94.9,17.1986807040719
95,17.0608028528171
95.1,16.9232048392348
95.2,16.7859267422639
95.3,16.6490064154512
95.4,16.5124795880556
95.5,16.3763799620614
95.6,16.2407393052085
95.7,16.1055875401561
95.8,15.9709528298957
95.9,15.8368616595327
96,15.7033389145594
96.1,15.5704079557382
96.2,15.4380906907166
96.3,15.3064076424954
96.4,15.1753780148659
96.5,15.0450197549353
96.6,14.9153496128534
96.7,14.7863831988535
96.8,14.658135037716
96.9,14.5306186207624
97,14.4038464554824
97.1,14.2778301128942
97.2,14.1525802727371
97.3,14.0281067665876
97.4,13.9044186189917
97.5,13.7815240867011
97.6,13.6594306960957
97.7,13.5381452788753
97.8,13.4176740060977
97.9,13.2980224206377
98,13.1791954681398
98.1,13.0611975265316
98.2,12.9440324341668
98.3,12.8277035166574
98.4,12.7122136124582
98.5,12.5975650972609
98.6,12.4837599072515
98.7,12.3707995612865
98.8,12.2586851820356
98.9,12.1474175161408
99,12.036996953438
99.1,11.9274235452832
99.2,11.8186970220275
99.3,11.7108168096795
99.4,11.6037820457926
99.5,11.4975915946151
99.6,11.392244061537
99.7,11.2877378068656
99.8,11.1840709589629
99.9,11.0812414267734
100,10.9792469117716
100.1,10.8780849193563
100.2,10.7777527697168
100.3,10.6782476081974
100.4,10.5795664151811
100.5,10.4817060155176
100.6,10.3846630875148
100.7,10.2884341715152
100.8,10.193015678076
100.9,10.0984038957719
101,10.0045949986366
101.1,9.91158505326226
101.2,9.81937002556988
101.3,9.72794578726797
101.4,9.63730812201266
101.5,9.54745273128346
101.6,9.45837523998764
101.7,9.37007120180552
101.8,9.28253610428884
101.9,9.19576537372307
102,9.10975437976483
102.1,9.02449843986433
102.2,8.93999282348281
102.3,8.85623275611417
102.4,8.77321342311963
102.5,8.69092997338399
102.6,8.6093775228014
102.7,8.52855115759834
102.8,8.44844593750122
102.9,8.36905689875543
103,8.29037905700258
103.1,8.21240741002224
103.2,8.13513694034418
103.3,8.05856261773698
103.4,7.98267940157838
103.5,7.90748224311268
103.6,7.83296608760022
103.7,7.75912587636361
103.8,7.68595654873539
103.9,7.6134530439114
104,7.54161030271394
104.1,7.47042326926884
104.2,7.3998868926001
104.3,7.32999612814569
104.4,7.26074593919809
104.5,7.19213129827268
104.6,7.12414718840732
104.7,7.05678860439591
104.8,6.990050553959
104.9,6.923928058854
105,6.85841615592781
105.1,6.79350989811415
105.2,6.72920435537819
105.3,6.66549461561059
105.4,6.60237578547328
105.5,6.53984299119893
105.6,6.47789137934627
105.7,6.41651611751297
105.8,6.35571239500807
105.9,6.29547542348567
106,6.23580043754149
106.1,6.17668269527395
106.2,6.11811747881126
106.3,6.06010009480609
106.4,6.00262587489904
106.5,5.94569017615243
106.6,5.88928838145555
106.7,5.83341589990275
106.8,5.77806816714534
106.9,5.72324064571863
107,5.66892882534512
107.1,5.61512822321473
107.2,5.56183438424333
107.3,5.50904288131029
107.4,5.45674931547603
107.5,5.40494931618049
107.6,5.35363854142328
107.7,5.30281267792634
107.8,5.2524674412799
107.9,5.2025985760724
108,5.15320185600514
108.1,5.10427308399233
108.2,5.05580809224712
108.3,5.00780274235434
108.4,4.96025292533042
108.5,4.91315456167113
108.6,4.8665036013877
108.7,4.82029602403181
108.8,4.77452783870991
108.9,4.72919508408747
109,4.68429382838353
109.1,4.63982016935595
109.2,4.59577023427794
109.3,4.55214017990615
109.4,4.50892619244072
109.5,4.46612448747771
109.6,4.42373130995432
109.7,4.38174293408701
109.8,4.34015566330322
109.9,4.29896583016665
110,4.25816979629666
110.1,4.21776395228191
110.2,4.17774471758864
110.3,4.13810854046384
110.4,4.09885189783347
110.5,4.05997129519612
110.6,4.02146326651223
110.7,3.98332437408921
110.8,3.94555120846257
110.9,3.90814038827332
111,3.87108856014189
111.1,3.83439239853868
111.2,3.79804860565146
111.3,3.76205391124982
111.4,3.72640507254686
111.5,3.69109887405814
111.6,3.65613212745831
111.7,3.62150167143529
111.8,3.58720437154235
111.9,3.55323712004812
112,3.51959683578474
112.1,3.4862804639942
112.2,3.45328497617306
112.3,3.42060736991562
112.4,3.38824466875569
112.5,3.35619392200709
112.6,3.32445220460284
112.7,3.29301661693343
112.8,3.26188428468387
112.9,3.23105235867004
113,3.20051801467407
113.1,3.17027845327905
113.2,3.14033089970308
113.3,3.11067260363273
113.4,3.081300839056
113.5,3.05221290409488
113.6,3.02340612083748
113.7,2.99487783516999
113.8,2.96662541660824
113.9,2.93864625812924
114,2.91093777600255
114.1,2.88349740962155
114.2,2.8563226213348
114.3,2.82941089627735
114.4,2.80275974220221
114.5,2.77636668931197
114.6,2.75022929009054
114.7,2.72434511913518
114.8,2.69871177298877
114.9,2.67332686997245
115,2.64818805001847
115.1,2.6232929745036
115.2,2.5986393260828
115.3,2.57422480852344
115.4,2.55004714653995
115.5,2.526104085629
115.6,2.50239339190519
115.7,2.47891285193735
115.8,2.45566027258537
115.9,2.43263348083769
116,2.4098303236494
116.1,2.38724866778104
116.2,2.36488639963797
116.3,2.3427414251106
116.4,2.32081166941516
116.5,2.29909507693539
116.6,2.27758961106478
116.7,2.25629325404979
116.8,2.23520400683363
116.9,2.21431988890104
117,2.19363893812374
117.1,2.17315921060676
117.2,2.1528787805356
117.3,2.13279574002422
117.4,2.11290819896388
117.5,2.09321428487287
117.6,2.07371214274712
117.7,2.05439993491162
117.8,2.03527584087284
117.9,2.01633805717195
118,1.99758479723897
118.1,1.97901429124791
118.2,1.96062478597268
118.3,1.94241454464405
118.4,1.92438184680747
118.5,1.90652498818182
118.6,1.88884228051913
118.7,1.87133205146522
118.8,1.85399264442123
118.9,1.83682241840621
119,1.81981974792053
119.1,1.80298302281028
119.2,1.7863106481327
119.3,1.76980104402242
119.4,1.75345264555874
119.5,1.73726390263385
119.6,1.72123327982199
119.7,1.70535925624957
119.8,1.68964032546622
119.9,1.67407499531681
120,1.65866178781445
120.1,1.64339923901435
120.2,1.62828589888875
120.3,1.61332033120268
120.4,1.59850111339076
120.5,1.58382683643486
120.6,1.5692961047428
120.7,1.55490753602788
120.8,1.54065976118941
120.9,1.52655142419422
121,1.51258118195898
121.1,1.49874770423356
121.2,1.48504967348524
121.3,1.47148578478392
121.4,1.4580547456882
121.5,1.44475527613234
121.6,1.43158610831424
121.7,1.41854598658424
121.8,1.40563366733486
121.9,1.39284791889142
122,1.38018752140363
122.1,1.36765126673797
122.2,1.35523795837103
122.3,1.34294641128375
122.4,1.33077545185645
122.5,1.31872391776489
122.6,1.30679065787703
122.7,1.2949745321508
122.8,1.28327441153268
122.9,1.2716891778571
123,1.2602177237468
123.1,1.24885895251394
123.2,1.23761177806211
123.3,1.22647512478918
123.4,1.21544792749096
123.5,1.20452913126575
123.6,1.19371769141962
123.7,1.18301257337264
123.8,1.17241275256583
123.9,1.16191721436895
124,1.15152495398912
124.1,1.14123497638025
124.2,1.1310462961532
124.3,1.12095793748684
124.4,1.11096893403978
124.5,1.10107832886304
124.6,1.09128517431329
124.7,1.08158853196709
124.8,1.07198747253574
124.9,1.06248107578092
125,1.05306843043118
125.1,1.04374863409907
125.2,1.03452079319911
125.3,1.0253840228664
125.4,1.01633744687613
125.5,1.00738019756362
125.6,0.998511415745299
125.7,0.989730250640231
125.8,0.981035859792487
125.9,0.972427408994162
126,0.963904072209128
126.1,0.955465031497491
126.2,0.94710947694074
126.3,0.938836606567601
126.4,0.930645626280574
126.5,0.922535749783162
126.6,0.914506198507777
126.7,0.906556201544324
126.8,0.898684995569456
126.9,0.890891824776496
127,0.883175940806023
127.1,0.87553660267711
127.2,0.867973076719221
127.3,0.860484636504756
127.4,0.853070562782231
127.5,0.84573014341011
127.6,0.83846267329126
127.7,0.831267454308045
127.8,0.824143795258037
127.9,0.817091011790357
128,0.810108426342626
128.1,0.80319536807853
128.2,0.796351172825996
128.3,0.789575183015965
128.4,0.782866747621775
128.5,0.776225222099128
128.6,0.769649968326652
128.7,0.763140354547057
128.8,0.756695755308858
128.9,0.750315551408697
129,0.743999129834217
129.1,0.737745883707527
129.2,0.731555212229221
129.3,0.725426520622962
129.4,0.719359220080628
129.5,0.713352727708012
129.6,0.707406466471069
129.7,0.701519865142715
129.8,0.695692358250169
129.9,0.689923386022832
130,0.684212394340707
130.1,0.678558834683345
130.2,0.672962164079329
130.3,0.667421845056275
130.4,0.661937345591362
130.5,0.656508139062378
130.6,0.651133704199279
130.7,0.645813525036264
130.8,0.64054709086436
130.9,0.635333896184509
131,0.630173440661156
131.1,0.625065229076345
131.2,0.620008771284301
131.3,0.615003582166514
131.4,0.610049181587306
131.5,0.605145094349893
131.6,0.600290850152925
131.7,0.595485983547513
131.8,0.59073003389473
131.9,0.586022545323596
132,0.581363066689527
132.1,0.576751151533263
132.2,0.572186358040264
132.3,0.567668249000567
132.4,0.563196391769113
132.5,0.55877035822653
132.6,0.554389724740382
132.7,0.550054072126868
132.8,0.545762985612981
132.9,0.541516054799116
133,0.537312873622134
133.1,0.533153040318866
133.2,0.529036157390076
133.3,0.524961831564856
133.4,0.520929673765475
133.5,0.516939299072664
133.6,0.512990326691341
133.7,0.50908237991678
133.8,0.505215086101206
133.9,0.501388076620838
134,0.497600986843357
134.1,0.493853456095813
134.2,0.490145127632959
134.3,0.486475648606019
134.4,0.482844670031884
134.5,0.479251846762736
134.6,0.475696837456104
134.7,0.472179304545341
134.8,0.468698914210533
134.9,0.465255336349829
135,0.461848244551199
135.1,0.45847731606462
135.2,0.455142231774675
135.3,0.451842676173595
135.4,0.448578337334703
135.5,0.445348906886304
135.6,0.442154079985979
135.7,0.438993555295324
135.8,0.435867034955091
135.9,0.432774224560777
136,0.429714833138617
136.1,0.426688573122024
136.2,0.423695160328435
136.3,0.420734313936604
136.4,0.417805756464308
136.5,0.414909213746496
136.6,0.412044414913854
136.7,0.40921109237182
136.8,0.406408981780017
136.9,0.403637822032129
137,0.400897355236217
137.1,0.398187326695464
137.2,0.395507484889373
137.3,0.392857581455397
137.4,0.390237371171026
137.5,0.387646611936308
137.6,0.385085064756838
137.7,0.382552493727185
137.8,0.380048666014782
137.9,0.377573351844282
138,0.375126324482364
138.1,0.372707360223016
138.2,0.370316238373283
138.3,0.367952741239494
138.4,0.365616654113964
138.5,0.36330776526218
138.6,0.36102586591047
138.7,0.358770750234176
138.8,0.356542215346309
138.9,0.354340061286718
139,0.352164091011762
139.1,0.350014110384496
139.2,0.347889928165377
139.3,0.345791356003494
139.4,0.343718208428335
139.5,0.341670302842091
139.6,0.339647459512499
139.7,0.337649501566253
139.8,0.335676254982961
139.9,0.333727548589686
140,0.331803214056049
140.1,0.329903085889933
140.2,0.32802700143377
140.3,0.326174800861442
140.4,0.32434632717579
140.5,0.322541426206752
140.6,0.320759946610128
140.7,0.319001739867004
140.8,0.317266660283818
140.9,0.315554564993108
141,0.313865313954929
141.1,0.312198769958978
141.2,0.310554798627409
141.3,0.308933268418383
141.4,0.307334050630345
141.5,0.305757019407049
141.6,0.304202051743358
141.7,0.302669027491806
141.8,0.301157829369976
141.9,0.299668342968679
142,0.298200456760968
142.1,0.296754062112001
142.2,0.295329053289774
142.3,0.293925327476736
142.4,0.292542784782324
142.5,0.291181328256412
142.6,0.289840863903721
142.7,0.288521300699202
142.8,0.287222550604415
142.9,0.285944528584923
143,0.284687152628744
143.1,0.283450343765868
143.2,0.282234026088874
143.3,0.281038126774679
143.4,0.279862576107438
143.5,0.278707307502636
143.6,0.277572257532395
143.7,0.276457365952034
143.8,0.275362575727907
143.9,0.274287833066571
144,0.273233087445295
144.1,0.272198291643973
144.2,0.27118340177846
144.3,0.270188377335384
144.4,0.269213181208468
144.5,0.268257779736406
144.6,0.267322142742346
144.7,0.266406243575012
144.8,0.265510059151527
144.9,0.264633570001979
145,0.263776760315782
145.1,0.26293961798989
145.2,0.262122134678915
145.3,0.261324305847213
145.4,0.260546130822984
145.5,0.259787612854472
145.6,0.259048759168301
145.7,0.258329581030041
145.8,0.25763009380705
145.9,0.256950317033684
146,0.256290274478932
146.1,0.25564999421657
146.2,0.255029508697902
146.3,0.254428854827179
146.4,0.253848074039778
146.5,0.253287212383239
146.6,0.252746320601238
146.7,0.252225454220618
146.8,0.25172467364155
146.9,0.251244044230957
147,0.250783636419286
147.1,0.250343525800756
147.2,0.2499237932372
147.3,0.249524524965611
147.4,0.249145812709536
147.5,0.248787753794432
147.6,0.248450451267138
147.7,0.248134014019594
147.8,0.247838556916966
147.9,0.247564200930317
148,0.247311073273999
148.1,0.247079307547925
148.2,0.246869043884895
148.3,0.246680429103163
148.4,0.246513616864424
148.5,0.24636876783742
148.6,0.246246049867374
148.7,0.246145638151454
148.8,0.2460677154205
148.9,0.246012472127227
149,0.245980106641161
149.1,0.245970825450542
149.2,0.245984843371464
149.3,0.246022383764512
149.4,0.246083678759193
149.5,0.246168969486426
149.6,0.246278506319435
149.7,0.246412549123322
149.8,0.246571367513683
149.9,0.246755241124599
150,0.246964459886358
150.1,0.247199324313295
150.2,0.247460145802133
150.3,0.247747246941235
150.4,0.248060961831194
150.5,0.248401636417204
150.6,0.248769628833676
150.7,0.249165309761579
150.8,0.249589062799021
150.9,0.250041284845574
151,0.250522386500925
151.1,0.251032792478389
151.2,0.251572942033918
151.3,0.252143289411203
151.4,0.252744304303541
151.5,0.253376472333134
151.6,0.254040295548547
151.7,0.254736292941055
151.8,0.255465000980665
151.9,0.256226974172622
152,0.257022785635247
152.1,0.257853027699998
152.2,0.258718312534675
152.3,0.259619272790748
152.4,0.260556562275809
152.5,0.261530856652223
152.6,0.262542854163072
152.7,0.263593276386566
152.8,0.264682869020126
152.9,0.265812402695404
153,0.266982673825587
153.1,0.268194505486355
153.2,0.269448748331958
153.3,0.270746281547941
153.4,0.272088013842096
153.5,0.273474884475332
153.6,0.274907864334191
153.7,0.276387957046863
153.8,0.277916200144601
153.9,0.279493666270554
154,0.281121464438129
154.1,0.282800741341081
154.2,0.284532682717643
154.3,0.286318514771135
154.4,0.288159505649569
154.5,0.290056966986939
154.6,0.292012255508972
154.7,0.29402677470627
154.8,0.296101976577929
154.9,0.298239363448833
155,0.300440489864023
155.1,0.302706964563676
155.2,0.305040452542402
155.3,0.307442677196787
155.4,0.309915422565244
155.5,0.312460535664497
155.6,0.315079928927182
155.7,0.317775582745315
155.8,0.32054954812459
155.9,0.32340394945471
156,0.32634098740125
156.1,0.329362941924769
156.2,0.33247217543324
156.3,0.335671136074104
156.4,0.338962361172622
156.5,0.342348480823519
156.6,0.345832221643236
156.7,0.349416410690525
156.8,0.353103979563474
156.9,0.356897968681462
157,0.360801531760985
157.1,0.364817940494742
157.2,0.368950589443826
157.3,0.373203001153379
157.4,0.377578831502593
157.5,0.382081875300482
157.6,0.386716072139413
157.7,0.391485512519019
157.8,0.396394444253724
157.9,0.401447279177784
158,0.406648600162455
158.1,0.412003168460621
158.2,0.417515931394979
158.3,0.423192030406701
158.4,0.429036809482316
158.5,0.435055823977444
158.6,0.441254849856944
158.7,0.447639893371991
158.8,0.454217201195617
158.9,0.460993271039305
159,0.467974862774313
159.1,0.475169010082579
159.2,0.482583032663222
159.3,0.490224549021946
159.4,0.498101489871895
159.5,0.50622211217592
159.6,0.514595013861562
159.7,0.523229149241556
159.8,0.532133845174129
159.9,0.541318817998944
160,0.550794191286153
160.1,0.560570514437646
160.2,0.570658782181331
160.3,0.581070455000994
160.4,0.591817480546089
160.5,0.602912316067649
160.6,0.614367951928337
160.7,0.62619793623657
160.8,0.638416400656533
160.9,0.651038087447829
161,0.6640783777904
161.1,0.677553321452273
161.2,0.691479667859541
161.3,0.705874898629818
161.4,0.720757261632173
161.5,0.736145806638204
161.6,0.752060422630507
161.7,0.768521876836177
161.8,0.785551855554262
161.9,0.803173006847103
162,0.821408985166284
162.1,0.840284497984388
162.2,0.859825354503885
162.3,0.880058516514166
162.4,0.901012151466972
162.5,0.922715687839087
162.6,0.945199872849198
162.7,0.96849683259305
162.8,0.992640134657439
162.9,1.01766485326899
163,1.04360763702803
163.1,1.07050677927086
163.2,1.09840229109548
163.3,1.12733597707579
163.4,1.15735151367763
163.5,1.18849453037633
163.6,1.22081269345933
163.7,1.25435579247917
163.8,1.28917582930082
163.9,1.32532710966311
164,1.36286633714611
164.1,1.40185270940529
164.2,1.44234801649725
164.3,1.48441674108214
164.4,1.52812616024251
164.5,1.57354644860815
164.6,1.62075078241996
164.7,1.66981544410339
164.8,1.72081992685218
164.9,1.77384703864636
165,1.82898300504354
165.1,1.88631756998906
165.2,1.94594409378844
165.3,2.00795964727365
165.4,2.07246510107324
165.5,2.13956520876448
165.6,2.20936868254288
165.7,2.28198825989159
165.8,2.35754075956878
165.9,2.43614712505603
166,2.51793245342573
166.1,2.60302600738969
166.2,2.69156120808689
166.3,2.78367560595579
166.4,2.87951082681784
166.5,2.97921249007563
166.6,3.08293009570457
166.7,3.19081687649329
166.8,3.30302961177055
166.9,3.41972839864825
167,3.54107637661808
167.1,3.66723940116906
167.2,3.79838566195215
167.3,3.93468524091497
167.4,4.07630960577362
167.5,4.22343103419
167.6,4.37622196409372
167.7,4.53485426574004
167.8,4.69949843134218
167.9,4.87032267847245
168,5.04749196390564
168.1,5.23116690519519
168.2,5.42150260804104
168.3,5.61864739844214
168.4,5.82274145973779
168.5,6.03391537593951
168.6,6.25228858424747
168.7,6.47796774133375
168.8,6.71104500985884
168.9,6.95159627375876
169,7.19967929308524
169.1,7.45533181157637
169.2,7.71856963265107
169.3,7.9893846821153
169.4,8.26774307849208
169.5,8.55358323447911
169.6,8.84681401552732
169.7,9.14731298383951
169.8,9.45492475812326
169.9,9.76945952110047
170,10.0906917079799
170.1,10.4183589097382
170.2,10.7521610250368
170.3,11.0917596938308
170.4,11.43677804414
170.5,11.7868007809757
170.6,12.1413746430297
170.7,12.5000092484189
170.8,12.8621783455651
170.9,13.2273214792312
171,13.5948460749338
171.1,13.964129937531
171.2,14.3345241519151
171.3,14.7053563656199
171.4,15.0759344250057
171.5,15.4455503287515
171.6,15.8134844549172
171.7,16.1790100110888
171.8,16.5413976513188
171.9,16.8999201989424
172,17.2538574110621
172.1,17.6025007186841
172.2,17.9451578762445
172.3,18.2811574556114
172.4,18.6098531225555
172.5,18.9306276380619
172.6,19.2428965325708
172.7,19.5461114080892
172.8,19.839762830891
172.9,20.1233827859606
173,20.3965466731698
173.1,20.658874834131
173.2,20.9100336074901
173.3,21.1497359188466
173.4,21.3777414193171
173.5,21.5938561938015
173.6,21.7979320661227
173.7,21.9898655333038
173.8,22.1695963652525
173.9,22.337105909032
174,22.4924151387309
174.1,22.635582492756
174.2,22.7667015402426
174.3,22.885898517306
174.4,22.9933297721672
174.5,23.0891791558926
174.6,23.1736553927221
174.7,23.2469894608472
174.8,23.3094320111535
174.9,23.3612508479767
175,23.4027284924238
175.1,23.4341598453783
175.2,23.4558499639915
175.3,23.468111962337
175.4,23.471265043998
175.5,23.4656326717019
175.6,23.4515408767414
175.7,23.4293167088121
175.8,23.399286825084
175.9,23.3617762157699
176,23.3171070621725
176.1,23.2655977221471
176.2,23.2075618371049
176.3,23.1433075540677
176.4,23.073136855862
176.5,22.9973449922694
176.6,22.9162200048272
176.7,22.830042337963
176.8,22.7390845292384
176.9,22.6436109716504
177,22.5438777411759
177.1,22.4401324830317
177.2,22.3326143504505
177.3,22.2215539901228
177.4,22.1071735688222
177.5,21.9896868361102
177.6,21.8692992183926
177.7,21.7462079399722
177.8,21.6206021671104
177.9,21.4926631714584
178,21.3625645095606
178.1,21.2304722154488
178.2,21.0965450036526
178.3,20.9609344802313
178.4,20.8237853596978
178.5,20.6852356859509
178.6,20.5454170555544
178.7,20.4044548419139
178.8,20.2624684190843
178.9,20.1195713841207
179,19.9758717770348
179.1,19.8314722975637
179.2,19.686470518083
179.3,19.5409590921105
179.4,19.3950259579455
179.5,19.2487545370819
179.6,19.1022239271102
179.7,18.9555090888953
179.8,18.8086810278769
179.9,18.6618069693937
180,18.5149505279814
180.1,18.3681718706294
180.2,18.2215278740218
180.3,18.0750722758142
180.4,17.9288558200223
180.5,17.7829263966227
180.6,17.6373291754783
180.7,17.4921067347206
180.8,17.3472991837274
180.9,17.2029442808457
181,17.0590775460169
181.1,16.9157323684641
181.2,16.7729401096055
181.3,16.63073020136
181.4,16.4891302400112
181.5,16.3481660757954
181.6,16.2078618983775
181.7,16.068240318378
181.8,15.9293224451102
181.9,15.7911279606833
182,15.653675190625
182.1,15.5169811711724
182.2,15.3810617133748
182.3,15.2459314641494
182.4,15.1116039644256
182.5,14.9780917045085
182.6,14.8454061767882
182.7,14.7135579259168
182.8,14.5825565965704
182.9,14.4524109789078
183,14.3231290518351
183.1,14.1947180241784
183.2,14.0671843738652
183.3,13.9405338852082
183.4,13.8147716843828
183.5,13.6899022731855
183.6,13.565929561155
183.7,13.4428568961366
183.8,13.3206870933631
183.9,13.1994224631275
184,13.0790648371125
184.1,12.9596155934449
184.2,12.8410756805359
184.3,12.7234456397669
184.4,12.606725627077
184.5,12.4909154335067
184.6,12.3760145047476
184.7,12.2620219597479
184.8,12.1489366084197
184.9,12.0367569684914
185,11.925481281548
185.1,11.8151075282978
185.2,11.7056334431045
185.3,11.5970565278203
185.4,11.4893740649531
185.5,11.3825831302018
185.6,11.2766806043894
185.7,11.1716631848232
185.8,11.0675273961108
185.9,10.964269600457
186,10.8618860074686
186.1,10.7603726834882
186.2,10.6597255604824
186.3,10.5599404445048
186.4,10.4610130237534
186.5,10.3629388762436
186.6,10.2657134771136
186.7,10.1693322055815
186.8,10.0737903515688
186.9,9.97908312200762
187,9.88520564684652
187.1,9.79215298476856
187.2,9.69992012863596
187.3,9.60850201067379
187.4,9.51789350740543
187.5,9.42808944435112
187.6,9.33908460050103
187.7,9.25087371257322
187.8,9.16345147906675
187.9,9.07681256411933
188,8.99095160117875
188.1,8.90586319649677
188.2,8.82154193245358
188.3,8.73798237072082
188.4,8.65517905527062
188.5,8.57312651523763
188.6,8.49181926764103
188.7,8.41125181997276
188.8,8.3314186726582
188.9,8.25231432139523
189,8.17393325937702
189.1,8.09626997940405
189.2,8.01931897589032
189.3,7.94307474676861
189.4,7.86753179529925
189.5,7.792684631787
189.6,7.71852777520995
189.7,7.64505575476462
189.8,7.57226311133087
189.9,7.50014439886043
190,7.42869418569224
190.1,7.35790705579817
190.2,7.28777760996193
190.3,7.21830046689453
190.4,7.14947026428873
190.5,7.0812816598156
190.6,7.01372933206542
190.7,6.94680798143574
190.8,6.88051233096864
190.9,6.81483712713973
191,6.74977714060082
191.1,6.68532716687848
191.2,6.6214820270304
191.3,6.55823656826134
191.4,6.49558566450064
191.5,6.43352421694288
191.6,6.37204715455331
191.7,6.31114943453969
191.8,6.25082604279207
191.9,6.19107199429174
192,6.13188233349099
192.1,6.07325213466476
192.2,6.01517650223556
192.3,5.95765057107277
192.4,5.90066950676757
192.5,5.84422850588446
192.6,5.78832279619054
192.7,5.73294763686345
192.8,5.67809831867896
192.9,5.62377016417922
193,5.56995852782235
193.1,5.51665879611437
193.2,5.46386638772425
193.3,5.41157675358278
193.4,5.35978537696599
193.5,5.30848777356403
193.6,5.25767949153579
193.7,5.20735611155037
193.8,5.15751324681559
193.9,5.10814654309449
194,5.0592516787101
194.1,5.01082436453922
194.2,4.96286034399562
194.3,4.91535539300322
194.4,4.8683053199597
194.5,4.821705965691
194.6,4.7755532033971
194.7,4.72984293858967
194.8,4.68457110902171
194.9,4.63973368460987
195,4.59532666734959
195.1,4.55134609122352
195.2,4.50778802210358
195.3,4.46464855764687
195.4,4.42192382718588
195.5,4.37960999161323
195.6,4.33770324326118
195.7,4.2961998057763
195.8,4.25509593398945
195.9,4.21438791378146
196,4.17407206194449
196.1,4.13414472603972
196.2,4.09460228425111
196.3,4.05544114523586
196.4,4.01665774797147
196.5,3.97824856159985
196.6,3.94021008526839
196.7,3.90253884796849
196.8,3.86523140837138
196.9,3.8282843546617
197,3.79169430436882
197.1,3.75545790419609
197.2,3.71957182984818
197.3,3.68403278585665
197.4,3.64883750540392
197.5,3.61398275014559
197.6,3.57946531003159
197.7,3.54528200312581
197.8,3.51142967542479
197.9,3.4779052006752
198,3.44470548019046
198.1,3.41182744266648
198.2,3.37926804399665
198.3,3.34702426708617
198.4,3.31509312166578
198.5,3.28347164410507
198.6,3.25215689722528
198.7,3.22114597011182
198.8,3.19043597792654
198.9,3.16002406171976
199,3.12990738824223
199.1,3.10008314975696
199.2,3.07054856385109
199.3,3.04130087324787
199.4,3.0123373456186
199.5,2.98365527339493
199.6,2.95525197358121
199.7,2.92712478756722
199.8,2.89927108094114
199.9,2.87168824330294
200,2.84437368807812
