"time","prey"
0,40
0.1,39.68
0.2,39.3411328
0.3,38.9835113908973
0.4,38.6073050191865
0.5,38.2127408799333
0.6,37.8001054650904
0.7,37.3697455294449
0.8,36.9220686392342
0.9,36.4575432721191
1,35.9766984417622
1.1,35.480122825693
1.2,34.9684633813874
1.3,34.4424234424676
1.4,33.9027602945041
1.5,33.3502822379449
1.6,32.78584515402
1.7,32.210348597887
1.8,31.6247314515828
1.9,31.0299671773128
2,30.4270587190229
2.1,29.8170331068514
2.2,29.2009358247523
2.3,28.579825006152
2.4,27.9547655257984
2.5,27.3268230578999
2.6,26.6970581711481
2.7,26.0665205302776
2.8,25.4362432714549
2.9,24.8072376150814
3,24.1804877746616
3.1,23.5569462143726
3.2,22.9375293010557
3.3,22.32311338874
3.4,21.7145313657141
3.5,21.1125696858117
3.6,20.5179658971825
3.7,19.9314066735987
3.8,19.35352634548
3.9,18.7849059204843
4,18.2260725768409
4.1,17.6774996067109
4.2,17.1396067818246
4.3,16.6127611095182
4.4,16.0972779440826
4.5,15.5934224160454
4.6,15.1014111405925
4.7,14.6214141657437
4.8,14.1535571210621
4.9,13.6979235285075
5,13.2545572384566
5.1,12.8234649558087
5.2,12.4046188233762
5.3,11.9979590323347
5.4,11.6033964322919
5.5,11.2208151164328
5.6,10.8500749601558
5.7,10.491014094552
5.8,10.1434512989431
5.9,9.80718829945225
6,9.48201196317489
6.1,9.16769637994454
6.2,8.86400482590821
6.3,8.57069160514248
6.4,8.28750376734043
6.5,8.01418270118474
6.6,7.75046560439713
6.7,7.49608683262734
6.8,7.25077913032707
6.9,7.01427474755812
7,6.78630644732455
7.1,6.56660840851061
7.2,6.35491702986446
7.3,6.15097164070902
7.4,5.95451512419843
7.5,5.76529445898802
7.6,5.58306118515855
7.7,5.40757180014607
7.8,5.23858809028702
7.9,5.07587740340473
8,4.91921286764831
8.1,4.76837356155442
8.2,4.62314464004547
8.3,4.48331742080909
8.4,4.34868943522947
8.5,4.21906444776516
8.6,4.09425244739399
8.7,3.97406961447696
8.8,3.85833826613188
8.9,3.74688678295503
9,3.63954951968851
9.1,3.53616670220065
9.2,3.43658431293048
9.3,3.34065396674241
9.4,3.24823277894622
9.5,3.15918322705883
9.6,3.07337300771893
9.7,2.99067489001184
9.8,2.91096656632107
9.9,2.83413050169293
10,2.7600537825818
10.1,2.68862796573516
10.2,2.61974892787854
10.3,2.5533167167714
10.4,2.48923540412321
10.5,2.4274129407866
10.6,2.36776101457819
10.7,2.31019491101907
10.8,2.25463337723398
10.9,2.20099848920155
11,2.14921552250599
11.1,2.09921282670398
11.2,2.05092170338779
11.3,2.00427628799727
11.4,1.9592134354081
11.5,1.9156726093024
11.6,1.87359577530853
11.7,1.83292729788102
11.8,1.79361384087763
11.9,1.75560427177901
12,1.71884956948629
12.1,1.68330273562401
12.2,1.64891870926928
12.3,1.61565428502218
12.4,1.583468034329
12.5,1.55232022996595
12.6,1.52217277358949
12.7,1.49298912625727
12.8,1.46473424182342
12.9,1.43737450311137
13,1.41087766076791
13.1,1.3852127747028
13.2,1.36035015801941
13.3,1.33626132334338
13.4,1.31291893145771
13.5,1.29029674215503
13.6,1.26836956721929
13.7,1.247113225452
13.8,1.2265044996598
13.9,1.20652109552308
14,1.18714160226747
14.1,1.16834545506272
14.2,1.15011289907593
14.3,1.13242495510852
14.4,1.11526338674909
14.5,1.0986106689764
14.6,1.08244995814956
14.7,1.0667650633247
14.8,1.0515404188397
14.9,1.0367610581112
15,1.02241258858984
15.1,1.00848116782245
15.2,0.994953480571599
15.3,0.981816716945249
15.4,0.969058551491103
15.5,0.956667123212306
15.6,0.944631016462927
15.7,0.93293924268353
15.8,0.921581222938832
15.9,0.910546771221164
16,0.899826078485033
16.1,0.889409697379646
16.2,0.879288527647743
16.3,0.869453802160514
16.4,0.859897073559738
16.5,0.850610201479602
16.6,0.841585340321902
16.7,0.832814927559551
16.8,0.824291672544444
16.9,0.816008545796839
17,0.807958768754492
17.1,0.800135803960727
17.2,0.792533345671665
17.3,0.785145310863661
17.4,0.777965830622965
17.5,0.770989241900378
17.6,0.764210079614534
17.7,0.757623069088159
17.8,0.751223118802399
17.9,0.745005313455011
18,0.738964907308845
18.1,0.733097317817703
18.2,0.727398119517237
18.3,0.721863038169138
18.4,0.716487945147397
18.5,0.711268852055956
18.6,0.706201905567537
18.7,0.701283382473945
18.8,0.696509684938541
18.9,0.691877335942066
19,0.687382974913349
19.1,0.683023353536867
19.2,0.67879533172946
19.3,0.674695873778884
19.4,0.670722044637195
19.5,0.666871006362306
19.6,0.663140014701329
19.7,0.659526415809643
19.8,0.65602764309987
19.9,0.65264121421523
20,0.64936472812199
20.1,0.646195862315939
20.2,0.643132370138101
20.3,0.640172078195059
20.4,0.637312883879495
20.5,0.634552752986764
20.6,0.631889717423472
20.7,0.629321873004245
20.8,0.626847377333006
20.9,0.62446444776529
21,0.622171359448224
21.1,0.619966443435006
21.2,0.617848084870804
21.3,0.615814721247179
21.4,0.613864840722219
21.5,0.611996980503736
21.6,0.610209725292955
21.7,0.608501705786271
21.8,0.606871597232725
21.9,0.605318118044982
22,0.603840028461656
22.1,0.602436129258952
22.2,0.601105260509659
22.3,0.599846300387633
22.4,0.598658164015962
22.5,0.597539802357112
22.6,0.596490201143402
22.7,0.595508379846236
22.8,0.594593390682597
22.9,0.593744317657333
23,0.592960275639893
23.1,0.592240409474146
23.2,0.59158389312005
23.3,0.59098992882593
23.4,0.590457746330219
23.5,0.589986602091533
23.6,0.58957577854601
23.7,0.589224583390895
23.8,0.588932348893386
23.9,0.58869843122378
24,0.588522209812045
24.1,0.588403086726918
24.2,0.588340486076724
24.3,0.588333853431091
24.4,0.58838265526282
24.5,0.588486378409154
24.6,0.58864452955175
24.7,0.588856634714679
24.8,0.589122238779791
24.9,0.589440905018832
25,0.589812214641715
25.1,0.590235766360349
25.2,0.590711175967506
25.3,0.591238075930157
25.4,0.591816114996801
25.5,0.592444957818272
25.6,0.593124284581561
25.7,0.593853790656211
25.8,0.594633186252823
25.9,0.59546219609329
26,0.596340559092318
26.1,0.597268028049885
26.2,0.598244369354238
26.3,0.599269362695083
26.4,0.600342800786622
26.5,0.601464489100106
26.6,0.602634245605587
26.7,0.603851900522563
26.8,0.605117296079212
26.9,0.606430286279953
27,0.607790736681038
27.1,0.609198524173925
27.2,0.610653536776181
27.3,0.612155673429659
27.4,0.613704843805737
27.5,0.615300968117363
27.6,0.616943976937723
27.7,0.618633811025294
27.8,0.620370421155097
27.9,0.622153767955951
28,0.623983821753543
28.1,0.625860562419132
28.2,0.627783979223712
28.3,0.629754070697471
28.4,0.631770844494388
28.5,0.6338343172618
28.6,0.635944514514799
28.7,0.638101470515324
28.8,0.64030522815578
28.9,0.642555838847088
29,0.644853362411002
29.1,0.647197866976592
29.2,0.649589428880766
29.3,0.652028132572707
29.4,0.654514070522131
29.5,0.657047343131234
29.6,0.659628058650255
29.7,0.662256333096522
29.8,0.664932290176912
29.9,0.667656061213616
30,0.67042778507312
30.1,0.673247608098328
30.2,0.676115684043723
30.3,0.679032174013503
30.4,0.681997246402611
30.5,0.68501107684057
30.6,0.68807384813807
30.7,0.691185750236224
30.8,0.694346980158432
30.9,0.697557741964783
31,0.700818246708936
31.1,0.704128712397417
31.2,0.707489363951277
31.3,0.710900433170051
31.4,0.71436215869796
31.5,0.717874785992318
31.6,0.72143856729407
31.7,0.725053761600442
31.8,0.72872063463962
31.9,0.732439458847448
32,0.736210513346077
32.1,0.740034083924529
32.2,0.743910463021139
32.3,0.747839949707833
32.4,0.7518228496762
32.5,0.755859475225332
32.6,0.759950145251381
32.7,0.764095185238812
32.8,0.768294927253313
32.9,0.772549709936335
33,0.77685987850122
33.1,0.781225784730904
33.2,0.785647786977151
33.3,0.790126250161304
33.4,0.79466154577651
33.5,0.799254051891417
33.6,0.803904153155291
33.7,0.808612240804553
33.8,0.813378712670701
33.9,0.818203973189594
34,0.823088433412084
34.1,0.828032511015973
34.2,0.833036630319271
34.3,0.838101222294742
34.4,0.843226724585719
34.5,0.848413581523165
34.6,0.853662244143974
34.7,0.858973170210485
34.8,0.864346824231197
34.9,0.869783677482681
35,0.875284208032651
35.1,0.880848900764209
35.2,0.886478247401227
35.3,0.892172746534868
35.4,0.897932903651229
35.5,0.903759231160094
35.6,0.909652248424789
35.7,0.915612481793123
35.8,0.921640464629415
35.9,0.927736737347588
36,0.933901847445322
36.1,0.940136349539265
36.2,0.946440805401282
36.3,0.952815783995754
36.4,0.959261861517888
36.5,0.965779621433064
36.6,0.972369654517197
36.7,0.979032558898099
36.8,0.985768940097856
36.9,0.992579411076199
37,0.99946459227487
37.1,1.00642511166297
37.2,1.01346160478331
37.3,1.0205747147997
37.4,1.0277650925453
37.5,1.0350333965718
37.6,1.04238029319975
37.7,1.0498064565697
37.8,1.05731256869439
37.9,1.06489931951185
38,1.07256740693954
38.1,1.08031753692934
38.2,1.08815042352359
38.3,1.096066788912
38.4,1.1040673634896
38.5,1.11215288591557
38.6,1.12032410317306
38.7,1.12858177062994
38.8,1.13692665210054
38.9,1.14535951990825
39,1.15388115494923
39.1,1.16249234675685
39.2,1.17119389356733
39.3,1.1799866023861
39.4,1.18887128905529
39.5,1.19784877832208
39.6,1.20691990390802
39.7,1.21608550857935
39.8,1.22534644421821
39.9,1.23470357189487
40,1.24415776194091
40.1,1.25370989402332
40.2,1.26336085721963
40.3,1.273111550094
40.4,1.28296288077421
40.5,1.29291576702976
40.6,1.3029711363508
40.7,1.31312992602813
40.8,1.3233930832342
40.9,1.33376156510503
41,1.34423633882318
41.1,1.35481838170166
41.2,1.3655086812689
41.3,1.37630823535471
41.4,1.38721805217719
41.5,1.39823915043072
41.6,1.40937255937494
41.7,1.42061931892475
41.8,1.43198047974134
41.9,1.44345710332424
42,1.45505026210439
42.1,1.46676103953834
42.2,1.47859053020333
42.3,1.49053983989359
42.4,1.5026100857176
42.5,1.51480239619639
42.6,1.52711791136302
42.7,1.53955778286298
42.8,1.55212317405582
42.9,1.56481526011773
43,1.57763522814527
43.1,1.59058427726024
43.2,1.60366361871556
43.3,1.6168744760023
43.4,1.63021808495784
43.5,1.64369569387512
43.6,1.65730856361303
43.7,1.67105796770794
43.8,1.68494519248634
43.9,1.69897153717865
44,1.71313831403419
44.1,1.7274468484373
44.2,1.74189847902459
44.3,1.75649455780342
44.4,1.77123645027154
44.5,1.78612553553788
44.6,1.80116320644462
44.7,1.81635086969034
44.8,1.83168994595452
44.9,1.84718187002311
45,1.86282809091547
45.1,1.87863007201238
45.2,1.89458929118546
45.3,1.9107072409277
45.4,1.92698542848531
45.5,1.94342537599082
45.6,1.96002862059741
45.7,1.97679671461462
45.8,1.9937312256452
45.9,2.01083373672339
46,2.02810584645439
46.1,2.0455491691552
46.2,2.06316533499678
46.3,2.0809559901475
46.4,2.09892279691794
46.5,2.11706743390699
46.6,2.13539159614941
46.7,2.1538969952646
46.8,2.17258535960684
46.9,2.19145843441683
47,2.21051798197469
47.1,2.22976578175427
47.2,2.24920363057889
47.3,2.2688333427785
47.4,2.2886567503482
47.5,2.30867570310824
47.6,2.32889206886541
47.7,2.3493077335759
47.8,2.36992460150951
47.9,2.39074459541548
48,2.41176965668958
48.1,2.43300174554287
48.2,2.45444284117172
48.3,2.47609494192953
48.4,2.49796006549978
48.5,2.52004024907062
48.6,2.54233754951104
48.7,2.56485404354843
48.8,2.58759182794775
48.9,2.61055301969221
49,2.63373975616548
49.1,2.65715419533538
49.2,2.68079851593927
49.3,2.70467491767083
49.4,2.72878562136851
49.5,2.7531328692055
49.6,2.77771892488131
49.7,2.80254607381492
49.8,2.82761662333948
49.9,2.85293290289868
50,2.87849726424466
50.1,2.90431208163756
50.2,2.93037975204666
50.3,2.95670269535315
50.4,2.98328335455452
50.5,3.01012419597062
50.6,3.03722770945126
50.7,3.06459640858552
50.8,3.09223283091269
50.9,3.12013953813487
51,3.14831911633117
51.1,3.17677417617358
51.2,3.20550735314457
51.3,3.23452130775624
51.4,3.26381872577121
51.5,3.29340231842512
51.6,3.32327482265086
51.7,3.3534390013044
51.8,3.38389764339236
51.9,3.41465356430116
52,3.44570960602795
52.1,3.47706863741312
52.2,3.50873355437453
52.3,3.54070728014337
52.4,3.57299276550174
52.5,3.60559298902187
52.6,3.63851095730696
52.7,3.67174970523376
52.8,3.70531229619678
52.9,3.73920182235409
53,3.77342140487486
53.1,3.80797419418851
53.2,3.84286337023543
53.3,3.87809214271947
53.4,3.91366375136191
53.5,3.94958146615713
53.6,3.98584858762985
53.7,4.02246844709398
53.8,4.05944440691305
53.9,4.09677986076222
54,4.13447823389182
54.1,4.17254298339249
54.2,4.21097759846179
54.3,4.24978560067239
54.4,4.28897054424171
54.5,4.32853601630307
54.6,4.3684856371783
54.7,4.40882306065179
54.8,4.44955197424599
54.9,4.49067609949825
55,4.53219919223908
55.1,4.57412504287179
55.2,4.6164574766534
55.3,4.65920035397688
55.4,4.70235757065463
55.5,4.74593305820324
55.6,4.78993078412944
55.7,4.83435475221716
55.8,4.87920900281585
55.9,4.92449761312975
56,4.97022469750833
56.1,5.01639440773769
56.2,5.06301093333292
56.3,5.11007850183143
56.4,5.15760137908712
56.5,5.20558386956534
56.6,5.25403031663873
56.7,5.30294510288365
56.8,5.35233265037733
56.9,5.40219742099565
57,5.45254391671134
57.1,5.50337667989278
57.2,5.55470029360307
57.3,5.60651938189953
57.4,5.65883861013339
57.5,5.71166268524962
57.6,5.76499635608695
57.7,5.81884441367773
57.8,5.87321169154787
57.9,5.92810306601647
58,5.9835234564952
58.1,6.03947782578734
58.2,6.09597118038625
58.3,6.15300857077328
58.4,6.21059509171496
58.5,6.26873588255936
58.6,6.32743612753143
58.7,6.3867010560273
58.8,6.44653594290732
58.9,6.50694610878773
59,6.56793692033079
59.1,6.62951379053327
59.2,6.69168217901304
59.3,6.75444759229372
59.4,6.81781558408711
59.5,6.88179175557324
59.6,6.94638175567795
59.7,7.01159128134762
59.8,7.07742607782103
59.9,7.14389193889802
60,7.21099470720479
60.1,7.27874027445553
60.2,7.34713458171028
60.3,7.41618361962864
60.4,7.4858934287191
60.5,7.55627009958381
60.6,7.62731977315832
60.7,7.69904864094627
60.8,7.77146294524845
60.9,7.84456897938609
61,7.918373087918
61.1,7.99288166685119
61.2,8.06810116384469
61.3,8.1440380784061
61.4,8.22069896208058
61.5,8.2980904186318
61.6,8.37621910421453
61.7,8.4550917275383
61.8,8.5347150500218
61.9,8.61509588593757
62,8.69624110254628
62.1,8.77815762022041
62.2,8.86085241255649
62.3,8.94433250647566
62.4,9.02860498231163
62.5,9.11367697388578
62.6,9.19955566856857
62.7,9.28624830732668
62.8,9.3737621847552
62.9,9.46210464909424
63,9.55128310222909
63.1,9.6413049996733
63.2,9.7321778505339
63.3,9.82390921745782
63.4,9.91650671655874
63.5,10.0099780173236
63.6,10.1043308424974
63.7,10.1995729679462
63.8,10.2957122224962
63.9,10.3927564877488
64,10.4907136978698
64.1,10.5895918393529
64.2,10.6893989507538
64.3,10.7901431223972
64.4,10.8918324960519
64.5,10.9944752645752
64.6,11.0980796715242
64.7,11.2026540107321
64.8,11.3082066258493
64.9,11.4147459098464
65,11.5222803044781
65.1,11.630818299707
65.2,11.7403684330834
65.3,11.8509392890816
65.4,11.9625394983898
65.5,12.0751777371511
65.6,12.188862726154
65.7,12.3036032299706
65.8,12.4194080560395
65.9,12.5362860536912
66,12.6542461131139
66.1,12.7732971642569
66.2,12.8934481756683
66.3,13.0147081532655
66.4,13.1370861390344
66.5,13.2605912096541
66.6,13.3852324750454
66.7,13.5110190768384
66.8,13.6379601867552
66.9,13.7660650049067
67,13.8953427579962
67.1,14.0258026974282
67.2,14.1574540973184
67.3,14.290306252398
67.4,14.4243684758116
67.5,14.5596500967999
67.6,14.6961604582661
67.7,14.8339089142174
67.8,14.9729048270791
67.9,15.1131575648735
68,15.2546764982593
68.1,15.3974709974236
68.2,15.5415504288224
68.3,15.6869241517606
68.4,15.8336015148055
68.5,15.981591852027
68.6,16.1309044790556
68.7,16.2815486889505
68.8,16.4335337478706
68.9,16.5868688905374
69,16.741563315483
69.1,16.8976261800709
69.2,17.0550665952826
69.3,17.2138936202564
69.4,17.3741162565699
69.5,17.5357434422526
69.6,17.6987840455181
69.7,17.8632468582021
69.8,18.0291405888938
69.9,18.1964738557463
70,18.3652551789512
70.1,18.5354929728635
70.2,18.7071955377588
70.3,18.8803710512086
70.4,19.0550275590535
70.5,19.2311729659587
70.6,19.4088150255306
70.7,19.5879613299752
70.8,19.768619299278
70.9,19.9507961698814
71,20.134498982839
71.1,20.3197345714206
71.2,20.5065095481439
71.3,20.6948302912054
71.4,20.8847029302837
71.5,21.0761333316852
71.6,21.2691270828021
71.7,21.463689475851
71.8,21.6598254908584
71.9,21.8575397778574
72,22.0568366382608
72.1,22.2577200053693
72.2,22.4601934239771
72.3,22.6642600290317
72.4,22.869922523303
72.5,23.077183154017
72.6,23.2860436884039
72.7,23.4965053881115
72.8,23.7085689824299
72.9,23.9222346402719
73,24.1375019408517
73.1,24.3543698429998
73.2,24.5728366530521
73.3,24.7928999912452
73.4,25.0145567565495
73.5,25.2378030898657
73.6,25.4626343355117
73.7,25.6890450009165
73.8,25.9170287144419
73.9,26.1465781812432
74,26.3776851370798
74.1,26.6103402999803
74.2,26.8445333196654
74.3,27.0802527246251
74.4,27.3174858667449
74.5,27.5562188633681
74.6,27.7964365366817
74.7,28.0381223503039
74.8,28.2812583429493
74.9,28.525825059044
75,28.7718014761549
75.1,29.0191649290958
75.2,29.2678910305676
75.3,29.5179535881831
75.4,29.7693245177249
75.5,30.0219737524792
75.6,30.2758691484828
75.7,30.5309763855188
75.8,30.7872588636893
75.9,31.0446775953931
76,31.3031910925292
76.1,31.5627552487477
76.2,31.8233232165644
76.3,32.084845279154
76.4,32.3472687166381
76.5,32.6105376666796
76.6,32.8745929792001
76.7,33.139372065036
76.8,33.4048087383527
76.9,33.6708330526418
77,33.9373711301318
77.1,34.2043449844505
77.2,34.4716723363896
77.3,34.7392664226325
77.4,35.0070357973243
77.5,35.2748841263803
77.6,35.542709974452
77.7,35.8104065844962
77.8,36.0778616499229
77.9,36.3449570793331
78,36.6115687538984
78.1,36.8775662774806
78.2,37.1428127196428
78.3,37.4071643517639
78.4,37.6704703765343
78.5,37.932572651191
78.6,38.1933054049318
78.7,38.4524949510465
78.8,38.7099593944101
78.9,38.9655083350985
79,39.2189425690238
79.1,39.4700537866249
79.2,39.7186242708132
79.3,39.9644265955465
79.4,40.2072233265931
79.5,40.4467667262612
79.6,40.682798464089
79.7,40.9150493357398
79.8,41.1432389926083
79.9,41.3670756849269
80,41.5862560214656
80.1,41.8004647492371
80.2,42.0093745569648
80.3,42.2126459064261
80.4,42.4099268961603
80.5,42.6008531624228
80.6,42.7850478226679
80.7,42.9621214672545
80.8,43.1316722054874
80.9,43.2932857725229
81,43.4465357040768
81.1,43.590983586271
81.2,43.7261793883315
81.3,43.8516618861902
81.4,43.9669591853466
81.5,44.0715893515877
81.6,44.1650611583384
81.7,44.2468749595029
81.8,44.31652369664
81.9,44.3734940491762
82,44.41726773608
82.1,44.4473229769713
82.2,44.463136120011
82.3,44.4641834430721
82.4,44.4499431336256
82.5,44.4198974514486
82.6,44.3735350766733
82.7,44.310353643812
82.8,44.2298624602141
82.9,44.1315854049235
83,44.0150640011045
83.1,43.8798606521003
83.2,43.7255620277977
83.3,43.5517825843095
83.4,43.3581681960996
83.5,43.1443998756082
83.6,42.9101975512484
83.7,42.6553238704188
83.8,42.3795879899987
83.9,42.0828493127712
84,41.7650211244633
84.1,41.4260740827404
84.2,41.0660395066666
84.3,40.685012412998
84.4,40.2831542443347
84.5,39.860695233772
84.6,39.4179363513729
84.7,38.9552507796443
84.8,38.4730848683223
84.9,37.9719585232135
85,37.4524649896058
85.1,36.9152699978501
85.2,36.3611102470331
85.3,35.7907912121153
85.4,35.2051842703172
85.5,34.6052231537063
85.6,33.9918997466014
85.7,33.3662592582958
85.8,32.7293948133812
85.9,32.0824415133124
86,31.4265700334414
86.1,30.7629798292629
86.2,30.0928920337312
86.3,29.4175421339898
86.4,28.7381725204644
86.5,28.0560250038676
86.6,27.3723333961541
86.7,26.6883162498261
86.8,26.0051698462843
86.9,25.3240615182591
87,24.6461233839437
87.1,23.9724465615089
87.2,23.3040759225122
87.3,22.6420054316298
87.4,21.9871741084754
87.5,21.3404626353679
87.6,20.7026906230994
87.7,20.0746145353363
87.8,19.4569262615449
87.9,18.8502523184955
88,18.255153651653
88.1,17.6721260002518
88.2,17.1016007836607
88.3,16.5439464618074
88.4,15.9994703189563
88.5,15.4684206179591
88.6,14.9509890711559
88.7,14.4473135742819
88.8,13.9574811509095
88.9,13.4815310569833
89,13.0194579977443
89.1,12.5712154126364
89.2,12.1367187875072
89.3,11.7158489574116
89.4,11.3084553674879
89.5,10.9143592635798
89.6,10.5333567884386
89.7,10.1652219633719
89.8,9.80970953904401
89.9,9.4665577027323
90,9.13549063266053
90.1,8.81622089304848
90.2,8.50845166621654
90.3,8.2118788204657
90.4,7.92619281452041
90.5,7.6510804410841
90.6,7.38622641353137
90.7,7.13131480096569
90.8,6.88603031782808
90.9,6.65005947497529
91,6.4230915996768
91.1,6.20481973233482
91.2,5.99494140793083
91.3,5.79315933027056
91.4,5.59918194705452
91.5,5.41272393366515
91.6,5.23350659334912
91.7,5.06125818120205
91.8,4.89571415904501
91.9,4.7366173879313
92,4.58371826464776
92.1,4.43677480818635
92.2,4.29555270176764
92.3,4.15982529560279
92.4,4.02937357519142
92.5,3.90398609957278
92.6,3.78345891358016
92.7,3.6675954377964
92.8,3.55620633957314
92.9,3.4491093881595
93,3.34612929668764
93.1,3.24709755348433
93.2,3.15185224491772
93.3,3.06023787174863
93.4,2.97210516073356
93.5,2.88731087302283
93.6,2.80571761071076
93.7,2.72719362272441
93.8,2.65161261108238
93.9,2.57885353841517
94,2.50880043751154
94.1,2.44134222354125
94.2,2.37637250950221
94.3,2.31378942534824
94.4,2.25349544117207
94.5,2.19539719474552
94.6,2.13940532365442
94.7,2.08543430220933
94.8,2.0334022832629
94.9,1.98323094502144
95,1.93484534289994
95.1,1.88817376643712
95.2,1.84314760125853
95.3,1.7997011960513
95.4,1.75777173449391
95.5,1.71729911206626
95.6,1.67822581765151
95.7,1.64049681982853
95.8,1.60405945774462
95.9,1.56886333645009
96,1.53486022657045
96.1,1.50200396818753
96.2,1.47025037879777
96.3,1.43955716521386
96.4,1.40988383927512
96.5,1.38119163723178
96.6,1.35344344266909
96.7,1.32660371283851
96.8,1.30063840826479
96.9,1.27551492550027
97,1.2512020329002
97.1,1.22766980929584
97.2,1.20488958544509
97.3,1.18283388814395
97.4,1.16147638688534
97.5,1.14079184295554
97.6,1.12075606086189
97.7,1.10134584198936
97.8,1.08253894038698
97.9,1.06431402058881
98,1.04665061737792
98.1,1.02952909740516
98.2,1.01293062257817
98.3,0.996837115139524
98.4,0.9812312243561
98.5,0.966096294745203
98.6,0.951416335766105
98.7,0.937175992908684
98.8,0.923360520113925
98.9,0.909955753463869
99,0.896948086081428
99.1,0.884324444183134
99.2,0.872072264230526
99.3,0.860179471128323
99.4,0.848634457419945
99.5,0.837426063433243
99.6,0.826543558331493
99.7,0.8159766220268
99.8,0.805715327915128
99.9,0.795750126394025
100,0.78607182912605
100.1,0.776671594012585
100.2,0.767540910844469
100.3,0.758671587597464
100.4,0.750055737342099
100.5,0.741685765738923
100.6,0.733554359091573
100.7,0.725654472931401
100.8,0.717979321108675
100.9,0.710522365366571
101,0.703277305375335
101.1,0.696238069205063
101.2,0.689398804216624
101.3,0.682753868351213
101.4,0.676297821799989
101.5,0.670025419036124
101.6,0.663931601192474
101.7,0.65801148876887
101.8,0.652260374653818
101.9,0.646673717446114
102,0.6412471350626
102.1,0.635976398618929
102.2,0.630857426570865
102.3,0.625886279104205
102.4,0.621059152762036
102.5,0.616372375298531
102.6,0.61182240074902
102.7,0.6074058047066
102.8,0.603119279795941
102.9,0.598959631335459
103,0.594923773179406
103.1,0.591008723731841
103.2,0.587211602124833
103.3,0.583529624553593
103.4,0.579960100761589
103.5,0.576500430669031
103.6,0.573148101138397
103.7,0.569900682871002
103.8,0.566755827428869
103.9,0.563711264376436
104,0.560764798536892
104.1,0.557914307358171
104.2,0.55515773838386
104.3,0.552493106824514
104.4,0.549918493225057
104.5,0.54743204122416
104.6,0.54503195540167
104.7,0.542716499210353
104.8,0.540483992988366
104.9,0.538332812049061
105,0.536261384844855
105.1,0.534268191202064
105.2,0.532351760623727
105.3,0.530510670657599
105.4,0.528743545326591
105.5,0.527049053619077
105.6,0.525425908036611
105.7,0.523872863196666
105.8,0.522388714488174
105.9,0.520972296777686
106,0.519622483164101
106.1,0.51833818378
106.2,0.517118344637693
106.3,0.515961946518186
106.4,0.514868003901346
106.5,0.513835563935607
106.6,0.512863705445664
106.7,0.511951537976618
106.8,0.511098200873159
106.9,0.51030286239239
107,0.509564718848972
107.1,0.508882993791339
107.2,0.508256937207748
107.3,0.507685824761041
107.4,0.507168957050968
107.5,0.50670565890304
107.6,0.506295278682885
107.7,0.505937187635119
107.8,0.505630779245819
107.9,0.505375468627682
108,0.50517069192703
108.1,0.505015905751825
108.2,0.504910586619909
108.3,0.50485423042672
108.4,0.504846351931747
108.5,0.50488648426304
108.6,0.504974178439105
108.7,0.505109002907532
108.8,0.505290543099772
108.9,0.505518401001436
109,0.505792194737587
109.1,0.506111558172455
109.2,0.506476140523074
109.3,0.506885605986329
109.4,0.50733963337894
109.5,0.507837915789918
109.6,0.508380160245059
109.7,0.508966087383038
109.8,0.509595431142707
109.9,0.5102679384612
110,0.510983368982463
110.1,0.511741494775866
110.2,0.512542100064519
110.3,0.513384980962992
110.4,0.514269945224084
110.5,0.515196811994364
110.6,0.51616541157816
110.7,0.51717558520973
110.8,0.518227184833328
110.9,0.519320072890907
111,0.520454122117204
111.1,0.521629215341963
111.2,0.522845245299057
111.3,0.524102114442288
111.4,0.525399734767647
111.5,0.526738027641818
111.6,0.528116923636731
111.7,0.529536362369973
111.8,0.530996292350856
111.9,0.532496670831977
112,0.534037463666092
112.1,0.535618645168134
112.2,0.537240197982214
112.3,0.538902112953459
112.4,0.540604389004531
112.5,0.542347033016675
112.6,0.544130059715183
112.7,0.545953491559114
112.8,0.547817358635151
112.9,0.549721698555484
113,0.551666556359579
113.1,0.553651984419731
113.2,0.555678042350286
113.3,0.557744796920431
113.4,0.559852321970437
113.5,0.562000698331271
113.6,0.56419001374747
113.7,0.566420362803186
113.8,0.568691846851321
113.9,0.57100457394566
114,0.573358658775917
114.1,0.575754222605618
114.2,0.57819139321275
114.3,0.580670304833088
114.4,0.58319109810614
114.5,0.585753920023637
114.6,0.588358923880498
114.7,0.591006269228218
114.8,0.5936961218306
114.9,0.596428653621782
115,0.599204042666503
115.1,0.602022473122544
115.2,0.604884135205298
115.3,0.607789225154415
115.4,0.610737945202467
115.5,0.613730503545597
115.6,0.61676711431609
115.7,0.619847997556833
115.8,0.622973379197619
115.9,0.626143491033247
116,0.629358570703388
116.1,0.632618861674162
116.2,0.635924613221414
116.3,0.639276080415624
116.4,0.642673524108436
116.5,0.64611721092077
116.6,0.649607413232476
116.7,0.653144409173502
116.8,0.65672848261656
116.9,0.660359923171233
117,0.664039026179523
117.1,0.667766092712796
117.2,0.671541429570105
117.3,0.675365349277862
117.4,0.679238170090841
117.5,0.683160215994481
117.6,0.687131816708473
117.7,0.691153307691605
117.8,0.69522503014785
117.9,0.699347331033668
118,0.703520563066515
118.1,0.707745084734527
118.2,0.712021260307372
118.3,0.71634945984825
118.4,0.720730059227018
118.5,0.725163440134438
118.6,0.729649990097518
118.7,0.73419010249594
118.8,0.738784176579561
118.9,0.74343261748697
119,0.748135836265091
119.1,0.752894249889817
119.2,0.75770828128767
119.3,0.762578359358462
119.4,0.767504918998963
119.5,0.772488401127557
119.6,0.777529252709868
119.7,0.782627926785368
119.8,0.787784882494936
119.9,0.793000585109373
120,0.79827550605886
120.1,0.803610122963353
120.2,0.809004919663902
120.3,0.8144603862549
120.4,0.819977019117241
120.5,0.825555320952386
120.6,0.831195800817337
120.7,0.836898974160508
120.8,0.842665362858481
120.9,0.848495495253658
121,0.854389906192791
121.1,0.860349137066393
121.2,0.866373735849021
121.3,0.872464257140434
121.4,0.87862126220761
121.5,0.884845319027637
121.6,0.891137002331461
121.7,0.897496893648491
121.8,0.903925581352062
121.9,0.910423660705755
122,0.916991733910566
122.1,0.923630410152924
122.2,0.930340305653567
122.3,0.937122043717254
122.4,0.943976254783336
122.5,0.950903576477168
122.6,0.957904653662362
122.7,0.9649801384939
122.8,0.972130690472077
122.9,0.979356976497301
123,0.986659670925733
123.1,0.994039455625777
123.2,1.00149702003541
123.3,1.00903306122039
123.4,1.01664828393324
123.5,1.02434340067318
123.6,1.03211913174685
123.7,1.03997620532988
123.8,1.04791535752936
123.9,1.0559373324471
124,1.06404288224384
124.1,1.07223276720424
124.2,1.08050775580277
124.3,1.08886862477047
124.4,1.09731615916254
124.5,1.10585115242687
124.6,1.11447440647336
124.7,1.12318673174423
124.8,1.13198894728504
124.9,1.14088188081682
125,1.14986636880885
125.1,1.15894325655252
125.2,1.168113398236
125.3,1.17737765701978
125.4,1.1867369051132
125.5,1.19619202385182
125.6,1.20574390377571
125.7,1.2153934447087
125.8,1.22514155583847
125.9,1.23498915579766
126,1.24493717274582
126.1,1.25498654445237
126.2,1.26513821838044
126.3,1.27539315177171
126.4,1.28575231173213
126.5,1.29621667531866
126.6,1.30678722962696
126.7,1.31746497187998
126.8,1.32825090951763
126.9,1.33914606028733
127,1.35015145233562
127.1,1.36126812430068
127.2,1.37249712540593
127.3,1.38383951555453
127.4,1.39529636542503
127.5,1.40686875656788
127.6,1.41855778150305
127.7,1.43036454381869
127.8,1.44229015827073
127.9,1.45433575088364
128,1.46650245905213
128.1,1.47879143164399
128.2,1.49120382910393
128.3,1.50374082355851
128.4,1.51640359892216
128.5,1.52919335100424
128.6,1.54211128761725
128.7,1.55515862868608
128.8,1.56833660635839
128.9,1.58164646511612
129,1.59508946188807
129.1,1.60866686616365
129.2,1.62237996010775
129.3,1.63623003867676
129.4,1.65021840973573
129.5,1.66434639417671
129.6,1.6786153260382
129.7,1.69302655262587
129.8,1.70758143463437
129.9,1.72228134627038
130,1.73712767537688
130.1,1.75212182355856
130.2,1.76726520630851
130.3,1.78255925313611
130.4,1.79800540769618
130.5,1.81360512791928
130.6,1.82935988614342
130.7,1.8452711692469
130.8,1.86134047878245
130.9,1.87756933111269
131,1.89395925754683
131.1,1.9105118044787
131.2,1.92722853352605
131.3,1.9441110216712
131.4,1.961160861403
131.5,1.97837966086011
131.6,1.99576904397565
131.7,2.01333065062317
131.8,2.03106613676401
131.9,2.04897717459603
132,2.06706545270366
132.1,2.08533267620943
132.2,2.10378056692686
132.3,2.12241086351471
132.4,2.14122532163276
132.5,2.16022571409887
132.6,2.17941383104762
132.7,2.19879148009032
132.8,2.21836048647646
132.9,2.23812269325669
133,2.25807996144724
133.1,2.27823417019581
133.2,2.29858721694897
133.3,2.3191410176211
133.4,2.33989750676477
133.5,2.36085863774273
133.6,2.38202638290135
133.7,2.40340273374566
133.8,2.42498970111593
133.9,2.4467893153658
134,2.46880362654201
134.1,2.49103470456565
134.2,2.51348463941509
134.3,2.53615554131047
134.4,2.55904954089972
134.5,2.58216878944638
134.6,2.60551545901885
134.7,2.62909174268144
134.8,2.65289985468697
134.9,2.67694203067103
135,2.70122052784801
135.1,2.72573762520862
135.2,2.7504956237193
135.3,2.77549684652316
135.4,2.80074363914271
135.5,2.82623836968424
135.6,2.851983429044
135.7,2.87798123111604
135.8,2.90423421300175
135.9,2.9307448352213
136,2.95751558192662
136.1,2.9845489611163
136.2,3.0118475048522
136.3,3.03941376947781
136.4,3.06725033583845
136.5,3.09535980950317
136.6,3.12374482098856
136.7,3.15240802598423
136.8,3.18135210558025
136.9,3.21057976649622
137,3.24009374131237
137.1,3.26989678870227
137.2,3.29999169366757
137.3,3.33038126777441
137.4,3.36106834939179
137.5,3.39205580393172
137.6,3.42334652409125
137.7,3.45494343009633
137.8,3.48684946994756
137.9,3.51906761966774
138,3.55160088355137
138.1,3.58445229441593
138.2,3.6176249138551
138.3,3.65112183249376
138.4,3.68494617024496
138.5,3.7191010765687
138.6,3.75358973073257
138.7,3.78841534207427
138.8,3.82358115026606
138.9,3.85909042558098
139,3.89494646916097
139.1,3.93115261328687
139.2,3.96771222165029
139.3,4.00462868962725
139.4,4.04190544455377
139.5,4.07954594600323
139.6,4.11755368606561
139.7,4.15593218962851
139.8,4.19468501466005
139.9,4.23381575249354
140,4.27332802811396
140.1,4.31322550044621
140.2,4.3535118626452
140.3,4.39419084238763
140.4,4.43526620216558
140.5,4.4767417395818
140.6,4.51862128764673
140.7,4.56090871507724
140.8,4.60360792659704
140.9,4.64672286323876
141,4.69025750264764
141.1,4.73421585938692
141.2,4.77860198524475
141.3,4.8234199695427
141.4,4.86867393944584
141.5,4.91436806027428
141.6,4.96050653581626
141.7,5.00709360864266
141.8,5.05413356042291
141.9,5.10163071224234
142,5.14958942492081
142.1,5.19801409933273
142.2,5.24690917672827
142.3,5.29627913905584
142.4,5.34612850928568
142.5,5.39646185173472
142.6,5.44728377239232
142.7,5.4985989192472
142.8,5.55041198261527
142.9,5.60272769546832
143,5.65555083376366
143.1,5.70888621677447
143.2,5.76273870742089
143.3,5.81711321260171
143.4,5.87201468352672
143.5,5.92744811604944
143.6,5.98341855100036
143.7,6.03993107452044
143.8,6.09699081839486
143.9,6.15460296038692
144,6.21277272457201
144.1,6.27150538167147
144.2,6.33080624938633
144.3,6.39068069273077
144.4,6.45113412436521
144.5,6.51217200492881
144.6,6.57379984337149
144.7,6.63602319728503
144.8,6.69884767323335
144.9,6.76227892708175
145,6.82632266432492
145.1,6.89098464041364
145.2,6.95627066107992
145.3,7.02218658266055
145.4,7.08873831241867
145.5,7.15593180886342
145.6,7.22377308206731
145.7,7.29226819398113
145.8,7.36142325874633
145.9,7.43124444300438
146,7.50173796620326
146.1,7.57291010090043
146.2,7.64476717306244
146.3,7.71731556236055
146.4,7.79056170246242
146.5,7.86451208131932
146.6,7.93917324144885
146.7,8.01455178021256
146.8,8.09065435008841
146.9,8.16748765893765
147,8.24505847026575
147.1,8.32337360347708
147.2,8.40243993412295
147.3,8.48226439414261
147.4,8.56285397209687
147.5,8.64421571339386
147.6,8.7263567205065
147.7,8.80928415318131
147.8,8.89300522863798
147.9,8.97752722175932
148,9.06285746527094
148.1,9.14900334991032
148.2,9.23597232458453
148.3,9.32377189651614
148.4,9.41240963137671
148.5,9.5018931534072
148.6,9.59223014552462
148.7,9.68342834941435
148.8,9.77549556560738
148.9,9.86843965354158
149,9.96226853160659
149.1,10.0569901771711
149.2,10.1526126265919
149.3,10.2491439752043
149.4,10.3465923772917
149.5,10.444966046035
149.6,10.5442732534396
149.7,10.6445223302398
149.8,10.745721665779
149.9,10.8478797078647
150,10.9510049625973
150.1,11.0551059941717
150.2,11.1601914246495
150.3,11.2662699337017
150.4,11.37335025832
150.5,11.4814411924946
150.6,11.5905515868582
150.7,11.7006903482943
150.8,11.8118664395072
150.9,11.9240888785531
151,12.0373667383311
151.1,12.1517091460294
151.2,12.2671252825291
151.3,12.3836243817591
151.4,12.5012157300038
151.5,12.6199086651586
151.6,12.7397125759327
151.7,12.860636900996
151.8,12.982691128068
151.9,13.1058847929451
152,13.2302274784659
152.1,13.3557288134083
152.2,13.482398471319
152.3,13.6102461692694
152.4,13.7392816665362
152.5,13.8695147632032
152.6,14.0009552986805
152.7,14.133613150137
152.8,14.2674982308435
152.9,14.402620488421
153,14.538989902991
153.1,14.6766164852228
153.2,14.8155102742741
153.3,14.9556813356182
153.4,15.0971397587552
153.5,15.2398956547994
153.6,15.3839591539402
153.7,15.5293404027675
153.8,15.6760495614588
153.9,15.8240968008186
154,15.9734922991662
154.1,16.1242462390632
154.2,16.2763688038739
154.3,16.4298701741513
154.4,16.5847605238405
154.5,16.7410500162912
154.6,16.8987488000703
154.7,17.0578670045662
154.8,17.2184147353744
154.9,17.3804020694548
155,17.54383905005
155.1,17.7087356813539
155.2,17.8751019229187
155.3,18.0429476837883
155.4,18.2122828163453
155.5,18.383117109859
155.6,18.5554602837189
155.7,18.7293219803413
155.8,18.9047117577312
155.9,19.0816390816858
156,19.2601133176205
156.1,19.4401437220017
156.2,19.6217394333662
156.3,19.8049094629095
156.4,19.9896626846201
156.5,20.176007824941
156.6,20.3639534519345
156.7,20.5535079639264
156.8,20.744679577606
156.9,20.9374763155548
157,21.1319059931777
157.1,21.3279762050067
157.2,21.5256943103487
157.3,21.7250674182442
157.4,21.9261023717052
157.5,22.1288057311964
157.6,22.3331837573245
157.7,22.5392423926958
157.8,22.7469872429029
157.9,22.9564235565988
158,23.1675562046118
158.1,23.3803896580584
158.2,23.594927965401
158.3,23.8111747284037
158.4,24.0291330769284
158.5,24.2488056425178
158.6,24.4701945307044
158.7,24.6933012919842
158.8,24.9181268913894
158.9,25.144671676592
159,25.3729353444671
159.1,25.6029169060397
159.2,25.8346146497372
159.3,26.0680261028638
159.4,26.3031479912121
159.5,26.5399761967188
159.6,26.7785057130712
159.7,27.0187305991647
159.8,27.2606439303063
159.9,27.5042377470563
160,27.7495030015924
160.1,27.9964295014797
160.2,28.2450058507183
160.3,28.4952193879426
160.4,28.7470561216318
160.5,29.0005006621941
160.6,29.2555361507733
160.7,29.512144184626
160.8,29.7703047389076
160.9,30.0299960847009
161,30.2911947031138
161.1,30.5538751952654
161.2,30.8180101879745
161.3,31.0835702349565
161.4,31.3505237133287
161.5,31.6188367152173
161.6,31.8884729342521
161.7,32.1593935467307
161.8,32.4315570872251
161.9,32.7049193184006
162,32.9794330948093
162.1,33.2550482204179
162.2,33.5317112996234
162.3,33.8093655815089
162.4,34.0879507970881
162.5,34.3674029892855
162.6,34.6476543354013
162.7,34.9286329618106
162.8,35.2102627506481
162.9,35.4924631382383
163,35.7751489050372
163.1,36.0582299568614
163.2,36.3416110971954
163.3,36.6251917903848
163.4,36.9088659155434
163.5,37.1925215110279
163.6,37.4760405093647
163.7,37.7592984625495
163.8,38.0421642576821
163.9,38.3244998229483
164,38.6061598240185
164.1,38.8869913509974
164.2,39.1668335961354
164.3,39.445517522597
164.4,39.7228655246806
164.5,39.9986910799913
164.6,40.2727983941954
164.7,40.5449820391221
164.8,40.8150265851336
164.9,41.0827062288596
165,41.3477844175809
165.1,41.6100134717648
165.2,41.8691342074839
165.3,42.1248755607125
165.4,42.376954215775
165.5,42.6250742405288
165.6,42.868926731202
165.7,43.1081894701657
165.8,43.3425266003152
165.9,43.5715883201525
166,43.7950106041135
166.1,44.0124149531582
166.2,44.2234081811476
166.3,44.4275822430595
166.4,44.6245141116469
166.5,44.8137657097114
166.6,44.9948839057491
166.7,45.1674005813151
166.8,45.3308327790439
166.9,45.4846829408435
167,45.6284392463393
167.1,45.7615760621684
167.2,45.8835545132005
167.3,45.9938231871678
167.4,46.0918189845039
167.5,46.1769681254007
167.6,46.2486873261635
167.7,46.3063851568506
167.8,46.3494635919
167.9,46.3773197649316
168,46.3893479381451
168.1,46.3849416956694
168.2,46.3634963688305
168.3,46.3244116995557
168.4,46.2670947459912
168.5,46.1909630318529
168.6,46.0954479380367
168.7,45.9799983315595
168.8,45.8440844229983
168.9,45.6872018392312
169,45.5088758934954
169.1,45.3086660295864
169.2,45.0861704115014
169.3,44.8410306240349
169.4,44.5729364438794
169.5,44.2816306347743
169.6,43.966913714336
169.7,43.6286486345444
169.8,43.2667653126456
169.9,42.8812649446552
170,42.4722240299209
170.1,42.0397980325438
170.2,41.5842246040773
170.3,41.1058262920294
170.4,40.6050126604546
170.5,40.0822817525049
170.6,39.5382208303026
170.7,38.9735063349665
170.8,38.3889030190554
170.9,37.7852622150025
171,37.1635192161628
171.1,36.5246897616313
171.2,35.8698656317287
171.3,35.2002093775981
171.4,34.51694822529
171.5,33.8213672115513
171.6,33.1148016247605
171.7,32.3986288395664
171.8,31.6742596472803
171.9,30.9431291954795
172,30.206687659216
172.1,29.466390772343
172.2,28.723690350572
172.3,27.980024937819
172.4,27.2368107041968
172.5,26.4954327177748
172.6,25.7572367031735
172.7,25.0235213885171
172.8,24.2955315286369
172.9,23.5744516771661
173,22.8614007638003
173.1,22.1574275160525
173.2,21.4635067478121
173.3,20.7805365204275
173.4,20.1093361663138
173.5,19.4506451506218
173.6,18.8051227336097
173.7,18.1733483852611
173.8,17.5558228945502
173.9,16.9529701086316
174,16.3651392321396
174.1,15.7926076136362
174.2,15.2355839449442
174.3,14.6942117994619
174.4,14.1685734373879
174.5,13.6586938088678
174.6,13.1645446901796
174.7,12.6860488929767
174.8,12.2230844920769
174.9,11.7754890231283
175,11.3430636075058
175.1,10.9255769678234
175.2,10.5227693033677
175.3,10.1343560004304
175.4,9.76003115786614
175.5,9.39947091315689
175.6,9.05233655877549
175.7,8.71827744268696
175.8,8.39693365039381
175.9,8.08793846902422
176,7.79092063659394
176.1,7.50550638176718
176.2,7.23132126122645
176.3,6.96799180317094
176.4,6.71514696653264
176.5,6.4724194262659
176.6,6.23944669556755
176.7,6.01587209615519
176.8,5.80134558780675
176.9,5.5955244682759
177,5.39807395447467
177.1,5.20866765548442
177.2,5.02698794754096
177.3,4.85272626066277
177.4,4.68558328606819
177.5,4.52526911297631
177.6,4.37150330281913
177.7,4.22401490832024
177.8,4.08254244432769
177.9,3.94683381673266
178,3.81664621526648
178.1,3.69174597545154
178.2,3.57190841448942
178.3,3.45691764540391
178.4,3.34656637332022
178.5,3.24065567735341
178.6,3.13899478120081
178.7,3.04140081518286
178.8,2.94769857215557
178.9,2.85772025942256
179,2.77130524850618
179.1,2.68829982439288
179.2,2.60855693564682
179.3,2.53193594658659
179.4,2.45830239254027
179.5,2.38752773903408
179.6,2.31948914562613
179.7,2.25406923496989
179.8,2.19115586757865
179.9,2.13064192266314
180,2.0724250853265
180.1,2.01640764032423
180.2,1.96249627253002
180.3,1.91060187419018
180.4,1.86063935899949
180.5,1.81252748298837
180.6,1.76618867217457
180.7,1.72154885690203
180.8,1.67853731276312
180.9,1.63708650797965
181,1.59713195710005
181.1,1.55861208085627
181.2,1.52146807201279
181.3,1.48564376703182
181.4,1.45108552337246
181.5,1.41774210223762
181.6,1.38556455657994
181.7,1.35450612417707
181.8,1.32452212558686
181.9,1.29556986679442
182,1.26760854636525
182.1,1.24059916692158
182.2,1.2145044507626
182.3,1.18928875945353
182.4,1.16491801721264
182.5,1.14135963793049
182.6,1.1185824556603
182.7,1.09655665842389
182.8,1.07525372518259
182.9,1.05464636582812
183,1.03470846405368
183.1,1.01541502297088
183.2,0.996742113343419
183.3,0.978666824313657
183.4,0.961167216503446
183.5,0.944222277375463
183.6,0.927811878746348
183.7,0.91191673634766
183.8,0.89651837133531
183.9,0.881599073652644
184,0.867141867156685
184.1,0.853130476421218
184.2,0.839549295134487
184.3,0.826383356013107
184.4,0.813618302157556
184.5,0.801240359778194
184.6,0.789236312224172
184.7,0.777593475250895
184.8,0.766299673464837
184.9,0.755343217887532
185,0.744712884583386
185.1,0.734397894298766
185.2,0.724387893062363
185.3,0.714672933699365
185.4,0.705243458214329
185.5,0.696090280999901
185.6,0.687204572830687
185.7,0.678577845603618
185.8,0.670201937788121
185.9,0.66206900055121
186,0.654171484524424
186.1,0.646502127181187
186.2,0.639053940794724
186.3,0.631820200948238
186.4,0.624794435570424
186.5,0.617970414470786
186.6,0.611342139350519
186.7,0.604903834265908
186.8,0.598649936522407
186.9,0.592575087978617
187,0.586674126740464
187.1,0.580942079226842
187.2,0.575374152588953
187.3,0.569965727466453
187.4,0.564712351064365
187.5,0.559609730535514
187.6,0.554653726654033
187.7,0.549840347766163
187.8,0.5451657440053
187.9,0.54062620175887
188,0.536218138375224
188.1,0.531938097099365
188.2,0.527782742226815
188.3,0.523748854465525
188.4,0.51983332649617
188.5,0.516033158721689
188.6,0.512345455197349
188.7,0.508767419733056
188.8,0.505296352160041
188.9,0.501929644754417
189,0.498664778810482
189.1,0.495499321356989
189.2,0.492430922009924
189.3,0.489457309955644
189.4,0.486576291058541
189.5,0.483785745087642
189.6,0.481083623056875
189.7,0.478467944673917
189.8,0.475936795892857
189.9,0.473488326566056
190,0.471120748190877
190.1,0.468832331747096
190.2,0.466621405621071
190.3,0.464486353612853
190.4,0.462425613022682
190.5,0.460437672813407
190.6,0.458521071845577
190.7,0.456674397182086
190.8,0.454896282459383
190.9,0.45318540632243
191,0.451540490920686
191.1,0.449960300462549
191.2,0.448443639825776
191.3,0.446989353221549
191.4,0.445596322909922
191.5,0.444263467964526
191.6,0.442989743084465
191.7,0.441774137451475
191.8,0.440615673630447
191.9,0.439513406511569
192,0.438466422292345
192.1,0.437473837497902
192.2,0.436534798037993
192.3,0.43564847829924
192.4,0.434814080271179
192.5,0.434030832704753
192.6,0.433297990301948
192.7,0.432614832935351
192.8,0.431980664896407
192.9,0.431394814171271
193,0.430856631743148
193.1,0.430365490920086
193.2,0.42992078668723
193.3,0.429521935082574
193.4,0.429168372595306
193.5,0.428859555585874
193.6,0.428594959726925
193.7,0.428374079464331
193.8,0.428196427497517
193.9,0.428061534278377
194,0.427968947528049
194.1,0.427918231770896
194.2,0.427908967885028
194.3,0.427940752668765
194.4,0.42801319842242
194.5,0.428125932544859
194.6,0.42827859714427
194.7,0.428470848662636
194.8,0.428702357513385
194.9,0.428972807731765
195,0.429281896637454
195.1,0.429629334508971
195.2,0.430014844269476
195.3,0.430438161183521
195.4,0.430899032564388
195.5,0.431397217491617
195.6,0.431932486538372
195.7,0.432504621508301
195.8,0.433113415181541
195.9,0.433758671069566
196,0.434440203178555
196.1,0.435157835780994
196.2,0.435911403195226
196.3,0.43670074957267
196.4,0.437525728692452
196.5,0.438386203763198
196.6,0.439282047231738
196.7,0.440213140598495
196.8,0.441179374239336
196.9,0.442180647233659
197,0.443216867198518
197.1,0.444287950128589
197.2,0.445393820241776
197.3,0.446534409830274
197.4,0.447709659116921
197.5,0.448919516116656
197.6,0.450163936502924
197.7,0.451442883478874
197.8,0.452756327653189
197.9,0.454104246920405
198,0.455486626345583
198.1,0.456903458053187
198.2,0.458354741120048
198.3,0.459840481472286
198.4,0.461360691786056
198.5,0.462915391392023
198.6,0.464504606183432
198.7,0.466128368527682
198.8,0.467786717181283
198.9,0.469479697208114
199,0.471207359900862
199.1,0.472969762705575
199.2,0.474766969149214
199.3,0.476599048770136
199.4,0.47846607705141
199.5,0.480368135356897
199.6,0.482305310870009
199.7,0.484277696535075
199.8,0.486285391001238
199.9,0.488328498568822
200,0.490407129138091
